``	``	punct	O
It	PRP	nsubj	O
's	VBZ	aux	O
just	RB	advmod	O
going	VBG	ROOT	O
to	TO	aux	O
be	VB	xcomp	O
sloppy	JJ	acomp	O
,	,	punct	O
both	DT	advmod	O
on	IN	prep	O
our	PRP$	poss	O
side	NN	pobj	O
and	CC	cc	O
theirs	NN	conj	O
-LCB-	JJ	punct	O
the	DT	det	B-LAW
Warsaw	NNP	compound	I-LAW
Pact	NNP	poss	I-LAW
's	POS	case	I-LAW
-RCB-	NNP	nsubj	O
,	,	punct	O
''	''	punct	O
says	VBZ	ROOT	O
one	CD	nummod	B-CARDINAL
NATO	NNP	compound	B-ORG
analyst	NN	nsubj	O
.	.	punct	O

Justice	NNP	compound	O
Liu	NNP	compound	B-PERSON
Tieh	NNP	compound	I-PERSON
-	HYPH	punct	I-PERSON
cheng	NNP	nsubj	I-PERSON
wrote	VBD	ROOT	O
a	DT	det	O
dissenting	VBG	amod	O
opinion	NN	dobj	O
in	IN	prep	O
which	WDT	pobj	O
he	PRP	nsubj	O
noted	VBD	relcl	O
that	IN	mark	O
appropriations	NNS	nsubjpass	O
are	VBP	auxpass	O
listed	VBN	ccomp	O
in	IN	prep	O
the	DT	det	B-LAW
ROC	NNP	compound	I-LAW
Constitution	NNP	pobj	I-LAW
together	RB	advmod	O
with	IN	prep	O
legislative	JJ	amod	O
bills	NNS	pobj	O
and	CC	cc	O
treaty	NN	compound	O
ratification	NN	compound	O
bills	NNS	conj	O
,	,	punct	O
and	CC	cc	O
argued	VBD	conj	O
that	IN	mark	O
they	PRP	nsubjpass	O
should	MD	aux	O
be	VB	auxpass	O
treated	VBN	ccomp	O
the	DT	det	O
same	JJ	amod	O
way	NN	npadvmod	O
.	.	punct	O

These	DT	nsubj	O
and	CC	cc	O
other	JJ	amod	O
expensive	JJ	amod	O
changes	NNS	conj	O
in	IN	prep	O
products	NNS	pobj	O
ranging	VBG	acl	O
from	IN	prep	O
auto	NN	compound	O
air	NN	compound	O
conditioners	NNS	pobj	O
to	IN	prep	O
foam	NN	compound	O
cushioning	NN	pobj	O
to	IN	prep	O
commercial	JJ	amod	O
solvents	NNS	pobj	O
are	VBP	ROOT	O
in	IN	prep	O
prospect	NN	pobj	O
because	IN	prep	O
of	IN	pcomp	O
something	NN	pobj	O
called	VBN	acl	O
the	DT	det	B-LAW
Montreal	NNP	compound	I-LAW
Protocol	NNP	oprd	I-LAW
,	,	punct	O
signed	VBN	acl	O
by	IN	agent	O
24	CD	nummod	B-CARDINAL
nations	NNS	pobj	O
in	IN	prep	O
1987	CD	pobj	B-DATE
.	.	punct	O

Insisting	VBG	advcl	O
that	IN	mark	O
they	PRP	nsubjpass	O
are	VBP	auxpass	O
protected	VBN	ccomp	O
by	IN	agent	O
the	DT	det	B-LAW
Voting	NNP	compound	I-LAW
Rights	NNPS	compound	I-LAW
Act	NNP	pobj	I-LAW
,	,	punct	O
a	DT	det	O
group	NN	nsubj	O
of	IN	prep	O
whites	NNS	pobj	O
brought	VBD	ROOT	O
a	DT	det	O
federal	JJ	amod	O
suit	NN	dobj	O
in	IN	prep	O
1987	CD	pobj	B-DATE
to	TO	aux	O
demand	VB	advcl	O
that	IN	mark	O
the	DT	det	O
city	NN	nsubj	O
abandon	VBP	ccomp	O
at	IN	nmod	O
-	HYPH	punct	O
large	JJ	pobj	O
voting	NN	dobj	O
for	IN	prep	O
the	DT	det	O
nine	CD	nummod	B-CARDINAL
member	NN	compound	O
City	NNP	compound	B-ORG
Council	NNP	pobj	I-ORG
and	CC	cc	O
create	VB	conj	O
nine	CD	nummod	B-CARDINAL
electoral	JJ	amod	O
districts	NNS	dobj	O
,	,	punct	O
including	VBG	prep	O
four	CD	nummod	B-CARDINAL
safe	JJ	amod	O
white	JJ	amod	O
districts	NNS	pobj	O
.	.	punct	O

According	VBG	prep	O
to	IN	prep	O
the	DT	det	B-LAW
"	``	punct	I-LAW
Washington	NNP	compound	I-LAW
Declaration	NNP	pobj	I-LAW
"	''	punct	I-LAW
signed	VBN	acl	O
by	IN	agent	O
King	NNP	compound	O
Hussein	NNP	pobj	B-PERSON
of	IN	prep	O
Jordan	NNP	pobj	B-GPE
and	CC	cc	O
Premier	NNP	compound	O
Rabin	NNP	conj	B-PERSON
of	IN	prep	O
Israel	NNP	pobj	B-GPE
on	IN	prep	O
July	NNP	compound	B-DATE
25th	NN	pobj	I-DATE
,	,	punct	O
the	DT	det	O
two	CD	nummod	B-CARDINAL
parties	NNS	nsubj	O
will	MD	aux	O
open	VB	ROOT	O
up	RP	prt	O
two	CD	nummod	B-CARDINAL
border	NN	compound	O
ports	NNS	dobj	O
.	.	punct	O

Speaking	VBG	advcl	O
in	IN	prep	O
English	NNP	pobj	B-LANGUAGE
the	DT	det	O
teacher	NN	nsubj	O
tells	VBZ	ROOT	O
the	DT	det	O
children	NNS	dobj	O
to	TO	aux	O
do	VB	xcomp	O
various	JJ	amod	O
actions	NNS	dobj	O
:	:	punct	O

To	TO	aux	O
thank	VB	advcl	O
him	PRP	dobj	O
for	IN	prep	O
his	PRP$	poss	O
contributions	NNS	pobj	O
to	IN	prep	O
their	PRP$	poss	O
tribe	NN	pobj	O
,	,	punct	O
Teng	NNP	poss	B-PERSON
's	POS	case	O
Atayal	NNP	compound	B-NORP
friends	NNS	nsubj	O
call	VBP	ROOT	O
him	PRP	dobj	O
"	``	punct	O
Hiro	NNP	oprd	B-PERSON
,	,	punct	O
"	''	punct	O
which	WDT	nsubj	O
means	VBZ	relcl	O
"	``	punct	O
sun	NN	dobj	O
"	''	punct	O
in	IN	prep	O
Sediq	NNP	pobj	B-LANGUAGE
.	.	punct	O

``	``	punct	O
When	WRB	advmod	O
we	PRP	nsubj	O
started	VBD	advcl	O
the	DT	det	O
program	NN	dobj	O
six	CD	nummod	B-DATE
years	NNS	npadvmod	I-DATE
ago	RB	advmod	I-DATE
,	,	punct	O
the	DT	det	O
use	NN	nsubjpass	O
of	IN	prep	O
Filipino	NNP	pobj	B-LANGUAGE
was	VBD	auxpass	O
deemed	VBN	ccomp	O
unwise	JJ	oprd	O
by	IN	agent	O
the	DT	det	O
predominantly	RB	advmod	O
middle	JJ	amod	O
class	NN	pobj	O
,	,	punct	O
''	''	punct	O
says	VBZ	ROOT	O
Lydia	NNP	compound	B-PERSON
Brown	NNP	nsubj	I-PERSON
,	,	punct	O
the	DT	det	O
program	NN	poss	O
's	POS	case	O
creator	NN	appos	O
.	.	punct	O

Chen	NNP	compound	B-PERSON
Chien	NNP	compound	I-PERSON
-	HYPH	punct	I-PERSON
hao	NNP	nsubj	I-PERSON
,	,	punct	O
another	DT	det	O
teacher	NN	appos	O
at	IN	prep	O
Jen	NNP	compound	B-ORG
Ai	NNP	compound	I-ORG
Primary	NNP	compound	I-ORG
School	NNP	pobj	I-ORG
,	,	punct	O
says	VBZ	ROOT	O
that	IN	mark	O
at	RB	advmod	O
least	RBS	advmod	O
two	CD	nummod	B-CARDINAL
-	HYPH	punct	I-CARDINAL
thirds	NNS	nsubj	I-CARDINAL
of	IN	prep	O
his	PRP$	poss	O
more	JJR	amod	B-CARDINAL
than	IN	quantmod	I-CARDINAL
600	CD	nummod	I-CARDINAL
students	NNS	pobj	O
are	VBP	aux	O
getting	VBG	ccomp	O
extra	JJ	amod	O
English	JJ	amod	B-LANGUAGE
lessons	NNS	dobj	O
outside	IN	prep	O
school	NN	pobj	O
.	.	punct	O

These	DT	nsubj	O
include	VBP	ROOT	O
establishing	VBG	xcomp	O
English	NNP	compound	B-LANGUAGE
Teaching	NNP	compound	O
Departments	NNPS	dobj	O
at	IN	prep	O
teacher	NN	compound	O
training	NN	compound	O
colleges	NNS	pobj	O
and	CC	cc	O
supplementary	JJ	amod	O
education	NN	compound	O
courses	NNS	conj	O
at	IN	prep	O
tertiary	JJ	amod	O
institutions	NNS	pobj	O
,	,	punct	O
allowing	VBG	advcl	O
graduates	NNS	dobj	O
who	WP	nsubj	O
intend	VBP	relcl	O
to	TO	aux	O
become	VB	xcomp	O
English	JJ	amod	B-LANGUAGE
teachers	NNS	attr	O
in	IN	prep	O
primary	JJ	amod	O
schools	NNS	pobj	O
to	TO	aux	O
obtain	VB	advcl	O
official	JJ	amod	O
teaching	NN	compound	O
qualifications	NNS	dobj	O
,	,	punct	O
and	CC	cc	O
providing	VBG	conj	O
further	JJ	amod	O
training	NN	dobj	O
for	IN	prep	O
qualified	JJ	amod	O
teachers	NNS	pobj	O
who	WP	nsubj	O
have	VBP	aux	O
never	RB	neg	O
taught	VBN	relcl	O
English	NNP	dobj	B-LANGUAGE
,	,	punct	O
to	TO	aux	O
equip	VB	conj	O
them	PRP	dobj	O
with	IN	prep	O
appropriate	JJ	amod	O
language	NN	compound	O
teaching	NN	compound	O
skills	NNS	pobj	O
and	CC	cc	O
methods	NNS	conj	O
.	.	punct	O

Now	RB	advmod	O
to	IN	ROOT	O
the	DT	det	O
terrorist	JJ	amod	O
bombing	NN	pobj	O
of	IN	prep	O
the	DT	det	B-PRODUCT
USS	NNP	compound	I-PRODUCT
Cole	NNP	pobj	I-PRODUCT
.	.	punct	O

President	NNP	compound	O
Vladimir	NNP	compound	B-PERSON
Putin	NNP	nsubj	I-PERSON
of	IN	prep	O
Russia	NNP	pobj	B-GPE
marked	VBD	ROOT	O
the	DT	det	B-DATE
new	JJ	amod	I-DATE
year	NN	dobj	I-DATE
Sunday	NNP	npadvmod	B-DATE
and	CC	cc	O
his	PRP$	poss	O
first	JJ	amod	B-ORDINAL
anniversary	NN	conj	O
in	IN	prep	O
office	NN	pobj	O
with	IN	prep	O
an	DT	det	O
address	NN	pobj	O
urging	VBG	acl	O
Russians	NNPS	dobj	B-NORP
to	TO	aux	O
be	VB	auxpass	O
heartened	VBN	xcomp	O
by	IN	agent	O
the	DT	det	O
country	NN	poss	O
's	POS	case	O
progress	NN	pobj	O
,	,	punct	O
despite	IN	prep	O
the	DT	det	O
war	NN	pobj	O
in	IN	prep	O
Chechnya	NNP	pobj	B-GPE
and	CC	cc	O
the	DT	det	O
sinking	NN	conj	O
of	IN	prep	O
the	DT	det	O
nuclear	JJ	amod	O
submarine	NN	pobj	O
Kursk	NNP	appos	B-PRODUCT
.	.	punct	O

As	IN	mark	O
the	DT	det	B-PRODUCT
``	``	punct	I-PRODUCT
John	NNP	compound	I-PRODUCT
C.	NNP	compound	I-PRODUCT
Stennis	NNP	nsubj	I-PRODUCT
''	''	punct	I-PRODUCT
ends	VBZ	advcl	O
its	PRP$	poss	O
first	JJ	amod	B-DATE
week	NN	dobj	I-DATE
of	IN	prep	O
operations	NNS	pobj	O
in	IN	prep	O
the	DT	det	B-LOC
Arabian	NNP	compound	I-LOC
Sea	NNP	pobj	I-LOC
,	,	punct	O
Christmas	NNP	nsubj	B-DATE
is	VBZ	ROOT	O
only	RB	advmod	O
a	DT	quantmod	B-DATE
few	JJ	nummod	I-DATE
days	NNS	npadvmod	I-DATE
away	RB	advmod	O
.	.	punct	O

All	DT	nsubj	O
of	IN	prep	O
this	DT	pobj	O
comes	VBZ	ROOT	O
as	IN	mark	O
the	DT	det	B-PRODUCT
USS	NNP	compound	I-PRODUCT
Cole	NNP	nsubjpass	I-PRODUCT
is	VBZ	aux	O
being	VBG	auxpass	O
carried	VBN	advcl	O
home	RB	advmod	O
,	,	punct	O
a	DT	det	O
destroyer	NN	nsubj	O
carried	VBN	conj	O
home	RB	advmod	O
on	IN	prep	O
the	DT	det	O
deck	NN	pobj	O
of	IN	prep	O
a	DT	det	O
larger	JJR	amod	O
ship	NN	pobj	O
after	IN	mark	O
a	DT	det	O
hole	NN	nsubjpass	O
was	VBD	auxpass	O
blown	VBN	advcl	O
in	IN	prep	O
its	PRP$	poss	O
side	NN	pobj	O
.	.	punct	O

The	DT	det	O
decision	NN	nsubj	O
to	TO	aux	O
keep	VB	acl	O
the	DT	det	O
embattled	VBN	amod	O
F	NNP	compound	B-PRODUCT
-	HYPH	punct	I-PRODUCT
14	NNP	poss	I-PRODUCT
's	POS	case	O
production	NN	compound	O
line	NN	dobj	O
running	VBG	xcomp	O
for	IN	prep	O
at	IN	advmod	B-DATE
least	JJS	advmod	I-DATE
another	DT	nummod	I-DATE
year	NN	pobj	I-DATE
is	VBZ	ROOT	O
an	DT	det	O
important	JJ	amod	O
victory	NN	attr	O
for	IN	prep	O
the	DT	det	O
House	NNP	pobj	B-ORG
,	,	punct	O
and	CC	cc	O
especially	RB	advmod	O
for	IN	prep	O
Rep.	NNP	compound	O
Les	NNP	compound	B-PERSON
Aspin	NNP	compound	I-PERSON
-LRB-	NNP	dep	O
D.	NNP	pobj	B-NORP
,	,	punct	O
Wis	NNP	npadvmod	B-GPE
.	.	punct	I-GPE
-RRB-	NFP	ROOT	O
.	.	punct	O

It	PRP	nsubj	O
is	VBZ	ROOT	O
up	RB	advmod	O
by	IN	prep	O
a	DT	det	B-QUANTITY
little	JJ	amod	I-QUANTITY
more	JJR	amod	I-QUANTITY
than	IN	quantmod	I-QUANTITY
five	CD	nummod	I-QUANTITY
points	NNS	pobj	I-QUANTITY
.	.	punct	O

``	``	punct	O
Management	NN	nsubj	O
does	VBZ	aux	O
n't	RB	neg	O
want	VB	ccomp	O
surprises	NNS	dobj	O
,	,	punct	O
''	''	punct	O
notes	VBZ	ROOT	O
Jack	NNP	compound	B-PERSON
Zaves	NNP	nsubj	I-PERSON
,	,	punct	O
who	WP	nsubj	O
,	,	punct	O
as	IN	prep	O
fuel	NN	compound	O
-	HYPH	punct	O
services	NNS	compound	O
director	NN	pobj	O
at	IN	prep	O
American	NNP	compound	B-ORG
Airlines	NNP	pobj	I-ORG
,	,	punct	O
buys	VBZ	relcl	O
some	DT	quantmod	B-QUANTITY
2.4	CD	compound	I-QUANTITY
billion	CD	nummod	I-QUANTITY
gallons	NNS	dobj	I-QUANTITY
of	IN	prep	O
jet	NN	compound	O
fuel	NN	pobj	O
a	DT	det	O
year	NN	npadvmod	O
.	.	punct	O

The	DT	det	O
violent	JJ	amod	O
temblor	NN	nsubj	O
,	,	punct	O
which	WDT	nsubj	O
lasted	VBD	relcl	O
about	RB	advmod	B-TIME
15	CD	nummod	I-TIME
seconds	NNS	dobj	I-TIME
and	CC	cc	O
registered	VBD	conj	O
6.9	CD	dobj	B-CARDINAL
on	IN	prep	O
the	DT	det	O
Richter	NNP	compound	O
scale	NN	pobj	O
,	,	punct	O
also	RB	advmod	O
caused	VBD	ROOT	O
the	DT	det	O
collapse	NN	dobj	O
of	IN	prep	O
a	DT	det	O
30	CD	nummod	B-QUANTITY
-	HYPH	punct	I-QUANTITY
foot	NN	compound	I-QUANTITY
section	NN	pobj	O
of	IN	prep	O
the	DT	det	B-FAC
San	NNP	nmod	I-FAC
Francisco	NNP	nmod	I-FAC
-	HYPH	punct	I-FAC
Oakland	NNP	compound	I-FAC
Bay	NNP	appos	I-FAC
Bridge	NNP	pobj	I-FAC
and	CC	cc	O
shook	VBD	conj	O
Candlestick	NNP	compound	B-FAC
Park	NNP	dobj	I-FAC
.	.	punct	O

this	DT	ROOT	O
at	IN	prep	O
,	,	punct	O
um	UH	intj	O
,	,	punct	O
12	CD	nummod	B-QUANTITY
hours	NNS	pobj	I-QUANTITY
divided	VBN	acl	O
by	IN	agent	O
two	CD	nummod	B-CARDINAL
,	,	punct	O
times	NNS	pobj	O
five	CD	nummod	B-CARDINAL
,	,	punct	O
plus	CC	cc	O
about	RB	advmod	B-CARDINAL
65	CD	nsubj	I-CARDINAL
equals	NNS	conj	O
,	,	punct	O
um	UH	intj	O
,	,	punct	O
something	NN	appos	O
like	IN	prep	O
95	CD	nummod	B-QUANTITY
mph	NN	pobj	I-QUANTITY
.	.	punct	O

Reverend	NNP	compound	O
Jackson	NNP	npadvmod	B-PERSON
,	,	punct	O
we	PRP	nsubj	O
heard	VBD	ROOT	O
a	DT	det	O
report	NN	dobj	O
earlier	RBR	advmod	O
this	DT	det	O
evening	NN	npadvmod	O
that	IN	mark	O
the	DT	det	O
Vice	NNP	compound	O
President	NNP	nsubj	O
had	VBD	aux	O
dispatched	VBN	ccomp	O
you	PRP	dobj	O
,	,	punct	O
or	CC	cc	O
at	IN	advmod	O
least	JJS	advmod	O
invited	VBN	conj	O
you	PRP	dobj	O
to	TO	aux	O
help	VB	xcomp	O
in	IN	prep	O
the	DT	det	O
Get	VB	nmod	B-EVENT
Out	IN	prt	I-EVENT
the	DT	det	I-EVENT
Vote	NN	compound	I-EVENT
effort	NN	pobj	O
tonight	NN	npadvmod	B-TIME
.	.	punct	O

"	``	punct	O
Now	RB	advmod	O
I	PRP	nsubj	O
spend	VBP	ROOT	O
New	NNP	compound	B-EVENT
Year	NNP	dobj	I-EVENT
with	IN	prep	O
friends	NNS	pobj	O
who	WP	nsubj	O
are	VBP	relcl	O
in	IN	prep	O
similar	JJ	amod	O
circumstances	NNS	pobj	O
to	IN	prep	O
me	PRP	pobj	O
.	.	punct	O

By	IN	prep	O
mid-1999	JJ	pobj	B-DATE
things	NNS	nsubj	O
were	VBD	aux	O
looking	VBG	ROOT	O
up	RP	prt	O
again	RB	advmod	O
,	,	punct	O
but	CC	cc	O
then	RB	advmod	O
massive	JJ	amod	O
power	NN	compound	O
failures	NNS	nsubj	O
in	IN	prep	O
the	DT	det	O
wake	NN	pobj	O
of	IN	prep	O
the	DT	det	B-EVENT
21	CD	nummod	I-EVENT
September	NNP	compound	I-EVENT
earthquake	NN	pobj	I-EVENT
wiped	VBD	conj	O
out	RP	prt	O
nearly	RB	advmod	O
NT$	$	quantmod	B-MONEY
10	CD	compound	I-MONEY
billion	CD	nummod	I-MONEY
worth	NN	dobj	O
of	IN	prep	O
textile	NN	amod	O
orders	NNS	pobj	O
.	.	punct	O

A	DT	det	O
Gao	NNP	compound	B-PERSON
Xingjian	NNP	compound	I-PERSON
Storm	NN	nsubj	O
Blows	VBZ	ROOT	O
through	IN	prep	O
the	DT	det	O
TIBE	NNP	pobj	B-EVENT

In	IN	prep	O
September	NNP	pobj	B-DATE
,	,	punct	I-DATE
1982	CD	appos	I-DATE
,	,	punct	O
at	IN	prep	O
the	DT	det	O
12th	JJ	amod	B-ORDINAL
National	NNP	compound	B-EVENT
Congress	NNP	pobj	I-EVENT
of	IN	prep	O
the	DT	det	B-ORG
Chinese	NNP	compound	I-ORG
Communist	NNP	compound	I-ORG
Party	NNP	pobj	I-ORG
,	,	punct	O
he	PRP	nsubjpass	O
was	VBD	auxpass	O
elected	VBN	ROOT	O
to	TO	aux	O
be	VB	xcomp	O
a	DT	det	O
member	NN	attr	O
of	IN	prep	O
the	DT	det	B-ORG
Central	NNP	compound	I-ORG
Committee	NNP	pobj	I-ORG
.	.	punct	O

The	DT	det	O
table	NN	nsubj	O
shows	VBZ	ROOT	O
several	JJ	amod	O
roads	NNS	dobj	O
with	IN	prep	O
LOS	NNP	compound	O
F	NNP	pobj	O
that	WDT	nsubj	O
,	,	punct	O
after	IN	prep	O
spending	VBG	pcomp	O
billions	NNS	dobj	B-CARDINAL
on	IN	prep	O
Metro	NNP	pobj	B-FAC
,	,	punct	O
are	VBP	ccomp	O
still	RB	advmod	O
LOS	NNP	compound	O
F	NNP	attr	O
.	.	punct	O

In	IN	prep	O
recent	JJ	amod	B-DATE
years	NNS	pobj	I-DATE
,	,	punct	O
there	EX	expl	O
have	VBP	aux	O
been	VBN	ROOT	O
eight	CD	nummod	B-CARDINAL
solely	RB	advmod	O
owned	VBN	amod	O
foreign	JJ	amod	O
enterprises	NNS	attr	O
that	WDT	nsubj	O
build	VBP	relcl	O
their	PRP$	poss	O
factories	NNS	dobj	O
along	IN	prep	O
the	DT	det	B-FAC
Grand	NNP	compound	I-FAC
Canal	NNP	pobj	I-FAC
and	CC	cc	O
are	VBP	auxpass	O
relied	VBN	conj	O
on	RP	prt	O
by	IN	agent	O
Zhenjiang	NNP	compound	B-GPE
City	NNP	pobj	I-GPE
with	IN	prep	O
even	RB	advmod	O
more	JJR	amod	O
joint	JJ	amod	O
ventures	NNS	pobj	O
.	.	punct	O

The	DT	det	O
first	JJ	amod	B-ORDINAL
departures	NNS	nsubj	O
are	VBP	ROOT	O
already	RB	advmod	O
underway	JJ	acomp	O
at	IN	prep	O
Fort	NNP	compound	B-FAC
Hood	NNP	compound	I-FAC
Texas	NNP	pobj	B-GPE
.	.	punct	O

You	PRP	nsubj	O
know	VBP	parataxis	O
I	PRP	nsubj	O
understood	VBD	ROOT	O
everything	NN	dobj	O
Will	NNP	compound	B-PERSON
Smith	NNP	nsubj	I-PERSON
said	VBD	relcl	O
in	IN	prep	O
films	NNS	pobj	O
like	IN	prep	O
''	''	punct	B-WORK_OF_ART
Men	NN	pobj	I-WORK_OF_ART
in	IN	prep	I-WORK_OF_ART
Black	NNP	pobj	I-WORK_OF_ART
''	''	punct	I-WORK_OF_ART
and	CC	cc	O
''	''	punct	B-WORK_OF_ART
Independence	NNP	compound	I-WORK_OF_ART
Day	NNP	conj	I-WORK_OF_ART
.	.	punct	O
''	''	punct	O

Worse	JJR	advmod	O
,	,	punct	O
every	DT	det	B-DATE
week	NN	npadvmod	I-DATE
it	PRP	nsubj	O
suffers	VBZ	ROOT	O
audience	NN	compound	O
drop	NN	compound	O
-	HYPH	punct	O
off	NN	dobj	O
from	IN	prep	O
``	``	punct	O
Murphy	NNP	compound	B-WORK_OF_ART
Brown	NNP	pobj	I-WORK_OF_ART
''	''	punct	O
and	CC	cc	O
viewership	NN	nsubj	O
on	IN	prep	O
CBS	NNP	pobj	B-ORG
picks	VBZ	conj	O
up	RP	prt	O
again	RB	advmod	O
once	RB	advmod	O
``	``	punct	O
Teddy	NNP	compound	B-WORK_OF_ART
Z	NNP	nsubj	I-WORK_OF_ART
''	''	punct	O
is	VBZ	ccomp	O
over	RB	advmod	O
and	CC	cc	O
is	VBZ	auxpass	O
followed	VBN	conj	O
by	IN	agent	O
``	``	punct	O
Designing	NNP	pcomp	B-WORK_OF_ART
Women	NNPS	dobj	I-WORK_OF_ART
.	.	punct	O
''	''	punct	O

Posting	NN	compound	O
station	NN	ROOT	O
:	:	punct	O
BBS	NNP	appos	O
Unnamed	JJ	amod	O
space	NN	compound	O
station	NN	appos	O
-LRB-	:	punct	O
Sat	NNP	compound	B-DATE
Jan	NNP	ROOT	I-DATE
20	CD	nummod	I-DATE
09:51:22	CD	nummod	B-TIME
2007	CD	nummod	B-DATE
-RRB-	NFP	punct	O
.	.	punct	O

The	DT	det	O
wait	NN	nsubj	O
for	IN	prep	O
admission	NN	pobj	O
has	VBZ	aux	O
sometimes	RB	advmod	O
taken	VBN	ROOT	O
two	CD	quantmod	B-TIME
to	TO	quantmod	I-TIME
three	CD	nummod	I-TIME
hours	NNS	dobj	I-TIME
,	,	punct	O
but	CC	cc	O
the	DT	det	O
crowds	NNS	nsubj	O
are	VBP	conj	O
likely	JJ	acomp	O
to	TO	aux	O
grow	VB	xcomp	O
gradually	RB	advmod	O
smaller	JJR	acomp	O
with	IN	prep	O
time	NN	pobj	O
,	,	punct	O
so	IN	mark	O
it	PRP	nsubj	O
might	MD	aux	O
be	VB	conj	O
a	DT	det	O
good	JJ	amod	O
idea	NN	attr	O
to	TO	aux	O
wait	VB	relcl	O
a	DT	det	B-DATE
few	JJ	amod	I-DATE
weeks	NNS	npadvmod	I-DATE
before	IN	prep	O
heading	VBG	pcomp	O
to	IN	prep	O
the	DT	det	O
museum	NN	pobj	O
.	.	punct	O

One	CD	nummod	B-CARDINAL
republican	JJ	amod	O
victory	NN	ROOT	O
tonight	NN	npadvmod	B-TIME
/.	.	punct	O

Bus	NN	compound	O
production	NN	nsubj	O
also	RB	advmod	O
slipped	VBD	ROOT	O
,	,	punct	O
by	IN	prep	O
49	CD	nummod	B-PERCENT
%	NN	pobj	I-PERCENT
from	IN	prep	O
a	DT	det	B-DATE
year	NN	npadvmod	I-DATE
earlier	RBR	pcomp	I-DATE
to	IN	prep	O
2,936	CD	nummod	B-CARDINAL
units	NNS	pobj	O
.	.	punct	O

The	DT	det	B-LOC
Taipei	NNP	compound	I-LOC
Basin	NNP	nsubj	I-LOC
holds	VBZ	ROOT	O
12	CD	nummod	B-PERCENT
%	NN	dobj	I-PERCENT
of	IN	prep	O
the	DT	det	O
island	NN	poss	O
's	POS	case	O
population	NN	pobj	O
on	IN	prep	O
only	RB	advmod	O
0.8	CD	nummod	B-PERCENT
%	NN	pobj	I-PERCENT
of	IN	prep	O
its	PRP$	poss	O
land	NN	pobj	O
,	,	punct	O
yet	CC	cc	O
it	PRP	nsubj	O
has	VBZ	conj	O
one	CD	nummod	B-CARDINAL
-	HYPH	punct	I-CARDINAL
sixth	JJ	dobj	I-CARDINAL
of	IN	prep	O
the	DT	det	O
nation	NN	poss	O
's	POS	case	O
high	JJ	amod	O
schools	NNS	pobj	O
,	,	punct	O
one	CD	nummod	B-CARDINAL
-	HYPH	punct	I-CARDINAL
third	NN	conj	I-CARDINAL
of	IN	prep	O
its	PRP$	poss	O
universities	NNS	pobj	O
,	,	punct	O
and	CC	cc	O
54	CD	nummod	B-PERCENT
%	NN	conj	I-PERCENT
of	IN	prep	O
its	PRP$	poss	O
cultural	JJ	amod	O
activities	NNS	pobj	O
.	.	punct	O

Citicorp	NNP	nsubj	B-ORG
issued	VBD	ROOT	O
$	$	quantmod	B-MONEY
200	CD	compound	I-MONEY
million	CD	dobj	I-MONEY
of	IN	prep	O
seven	CD	nummod	B-DATE
-	HYPH	punct	I-DATE
year	NN	compound	I-DATE
notes	NNS	pobj	O
priced	VBN	acl	O
to	TO	aux	O
yield	VB	xcomp	O
8.82	CD	nummod	B-PERCENT
%	NN	dobj	I-PERCENT
,	,	punct	O
and	CC	cc	O
Xerox	NNP	nsubj	B-ORG
priced	VBD	conj	O
$	$	quantmod	B-MONEY
150	CD	compound	I-MONEY
million	CD	dobj	I-MONEY
of	IN	prep	O
six	CD	nummod	B-DATE
-	HYPH	punct	I-DATE
year	NN	compound	I-DATE
notes	NNS	pobj	O
to	TO	aux	O
yield	VB	xcomp	O
8.85	CD	nummod	B-PERCENT
%	NN	dobj	I-PERCENT
.	.	punct	O

Both	DT	nsubj	O
urged	VBD	ROOT	O
the	DT	det	O
Middle	NNP	compound	B-LOC
East	NNP	compound	I-LOC
leaders	NNS	dobj	O
to	TO	aux	O
resume	VB	xcomp	O
peace	NN	compound	O
talks	NNS	dobj	O
and	CC	cc	O
to	TO	aux	O
stop	VB	conj	O
the	DT	det	O
violence	NN	dobj	O
that	WDT	nsubj	O
has	VBZ	aux	O
killed	VBN	relcl	O
more	JJR	amod	B-CARDINAL
than	IN	quantmod	I-CARDINAL
200	CD	nummod	I-CARDINAL
Palestinians	NNPS	dobj	B-NORP
since	IN	prep	O
late	JJ	amod	B-DATE
September	NNP	pobj	I-DATE
.	.	punct	O

Little	JJ	amod	O
Three	CD	nummod	B-CARDINAL
Links	NNS	nsubj	O
Presage	VBP	ROOT	O
New	JJ	compound	O
Era	NN	dobj	O
in	IN	prep	O
Cross-Strait	JJ	amod	B-LOC
Relations	NNS	pobj	O

GORBACHEV	NNP	nsubj	B-PERSON
SAID	VBD	ROOT	O
Moscow	NNP	nsubj	B-GPE
wo	MD	aux	O
n't	RB	neg	O
intervene	VB	ccomp	O
in	IN	prep	O
East	NNP	compound	B-LOC
bloc	NNP	compound	I-LOC
moves	NNS	pobj	O
to	IN	prep	O
democracy	NN	pobj	O
.	.	punct	O

Yes	UH	intj	O
,	,	punct	O
this	DT	nsubj	O
was	VBD	ROOT	O
probably	RB	advmod	O
her	PRP$	poss	O
first	JJ	amod	B-ORDINAL
experience	NN	attr	O
ever	RB	advmod	O
seeing	VBG	acl	O
a	DT	det	O
fair	JJ	amod	O
-	HYPH	punct	O
skinned	JJ	amod	O
,	,	punct	O
bearded	JJ	amod	O
goatee	NN	nmod	O
,	,	punct	O
monster	NN	npadvmod	O
-	HYPH	punct	O
looking	JJ	amod	O
guy	NN	dobj	O
and	CC	cc	O
she	PRP	nsubj	O
just	RB	advmod	O
freaked	VBD	ROOT	O
out	RP	prt	O
the	DT	det	O
first	JJ	amod	B-ORDINAL
time	NN	npadvmod	O
she	PRP	nsubj	O
saw	VBD	relcl	O
me	PRP	dobj	O
.	.	punct	O

In	IN	prep	O
1987	CD	pobj	B-DATE
,	,	punct	O
KKR	NNP	nsubj	B-ORG
for	IN	prep	O
the	DT	det	O
second	JJ	amod	B-ORDINAL
time	NN	pobj	O
piled	VBD	ROOT	O
debt	NN	dobj	O
onto	IN	prep	O
Storer	NNP	poss	B-ORG
's	POS	case	O
TV	NN	compound	O
stations	NNS	pobj	O
,	,	punct	O
selling	VBG	advcl	O
them	PRP	dobj	O
for	IN	prep	O
$	$	quantmod	B-MONEY
1.3	CD	compound	I-MONEY
billion	CD	pobj	I-MONEY
to	IN	prep	O
a	DT	det	O
new	JJ	amod	O
entity	NN	pobj	O
that	WDT	nsubj	O
was	VBD	relcl	O
45	CD	nummod	B-PERCENT
%	NN	npadvmod	I-PERCENT
-	HYPH	punct	O
owned	VBN	acomp	O
by	IN	agent	O
KKR	NNP	pobj	B-ORG
and	CC	cc	O
55	CD	nummod	B-PERCENT
%	NN	npadvmod	I-PERCENT
-	HYPH	punct	O
owned	VBN	advcl	O
by	IN	agent	O
Gillett	NNP	compound	B-ORG
Corp.	NNP	pobj	I-ORG
,	,	punct	O
which	WDT	nsubj	O
now	RB	advmod	O
operates	VBZ	relcl	O
the	DT	det	O
SCI	NNP	compound	B-ORG
TV	NNP	compound	I-ORG
stations	NNS	dobj	O
.	.	punct	O

China	NNP	poss	B-GPE
's	POS	case	O
top	JJ	amod	O
film	NN	compound	O
actress	NN	nsubj	O
,	,	punct	O
Liu	NNP	compound	B-PERSON
Xiaoqing	NNP	appos	I-PERSON
,	,	punct	O
paid	VBD	ccomp	O
$	$	nmod	O
4,555	CD	dobj	B-MONEY
in	IN	prep	O
back	JJ	amod	O
taxes	NNS	pobj	O
and	CC	cc	O
fines	NNS	conj	O
in	IN	prep	O
Shandong	NNP	compound	B-GPE
province	NN	pobj	O
,	,	punct	O
the	DT	det	B-ORG
People	NNPS	poss	I-ORG
's	POS	case	I-ORG
Daily	NNP	nsubj	I-ORG
reported	VBD	ROOT	O
.	.	punct	O

and	CC	cc	O
one	CD	nsubj	O
of	IN	prep	O
it	PRP	pobj	O
is	VBZ	ROOT	O
the	DT	det	O
training	NN	attr	O
of	IN	prep	O
our	PRP$	poss	O
Iraqi	JJ	amod	B-NORP
security	NN	compound	O
forces	NNS	pobj	O
/.	.	punct	O

