show	VB	ROOT	O
me	PRP	dative	O
all	DT	det	O
flights	NNS	dobj	O
from	IN	prep	O
san	NN	amod	B-fromloc.city_name
francisco	NN	pobj	I-fromloc.city_name
to	IN	prep	O
pittsburgh	NN	pobj	B-toloc.city_name
which	WDT	nsubj	O
arrive	VBP	relcl	O
in	IN	prep	O
pittsburgh	NN	pobj	B-toloc.city_name
before	IN	prep	B-arrive_time.time_relative
9	CD	nummod	B-arrive_time.time
o'clock	NN	pobj	I-arrive_time.time
am	VBP	ccomp	I-arrive_time.time
tomorrow	NN	npadvmod	B-arrive_date.today_relative

and	CC	cc	O
i'll	NN	nsubj	O
need	VBP	ROOT	O
ground	NN	compound	O
transportation	NN	dobj	O
for	IN	prep	O
tuesday	NNP	compound	B-day_name
july	NN	compound	B-month_name
sixth	JJ	pobj	B-day_number
to	IN	prep	O
wednesday	NNP	pobj	B-day_name
july	NNP	pobj	B-month_name
seventh	JJ	advcl	B-day_number
in	IN	prep	O
san	NN	amod	B-city_name
diego	NN	pobj	I-city_name

show	VB	ROOT	O
me	PRP	dative	O
all	DT	det	O
flights	NNS	dobj	O
from	IN	prep	O
new	JJ	amod	B-fromloc.city_name
york	NN	pobj	I-fromloc.city_name
to	IN	prep	O
miami	VB	pobj	B-toloc.city_name
leaving	VBG	acl	O
on	IN	prep	O
a	DT	det	O
tuesday	NN	pobj	B-depart_date.day_name
and	CC	cc	O
returning	VBG	conj	O
on	IN	prep	O
sunday	NN	pobj	B-return_date.day_name

what	WDT	det	O
flights	NNS	dobj	O
from	IN	prep	O
kansas	NNS	amod	B-fromloc.city_name
city	NN	pobj	I-fromloc.city_name
to	TO	aux	O
chicago	VB	compound	B-toloc.city_name
leave	NN	ROOT	O
next	JJ	amod	B-depart_date.date_relative
wednesday	NN	npadvmod	B-depart_date.day_name
returning	VBG	advcl	O
the	DT	det	B-return_date.today_relative
following	JJ	amod	I-return_date.today_relative
day	NN	npadvmod	I-return_date.today_relative

what	WP	attr	O
is	VBZ	ROOT	O
the	DT	det	O
ground	NN	compound	O
transportation	NN	nsubj	O
available	JJ	amod	O
in	IN	prep	O
fort	NN	pobj	B-city_name
worth	JJ	acomp	I-city_name
texas	NN	npadvmod	B-state_name

locate	JJ	amod	O
flights	NNS	nsubj	O
from	IN	prep	O
philadelphia	NN	pobj	B-fromloc.city_name
to	IN	prep	O
dallas	NNS	pobj	B-toloc.city_name
stopping	VBG	ROOT	O
in	IN	prep	O
hartfield	NN	pobj	B-stoploc.airport_name

i	PRP	nsubj	O
would	MD	aux	O
like	VB	ROOT	O
information	NN	dobj	O
on	IN	prep	O
ground	NN	compound	O
transportation	NN	pobj	O
in	IN	prep	O
atlanta	NN	pobj	B-city_name
from	IN	prep	O
the	DT	det	O
airport	NN	pobj	O
to	IN	prep	O
the	DT	det	O
city	NN	pobj	O
in	IN	prep	O
the	DT	det	O
morning	NN	pobj	B-period_of_day
around	RB	advmod	B-time_relative
9	CD	npadvmod	B-time
am	NN	dobj	I-time

show	VB	ROOT	O
me	PRP	dative	O
the	DT	det	O
ground	NN	compound	O
transportation	NN	compound	O
schedule	NN	dobj	O
in	IN	prep	O
san	NN	compound	B-city_name
francisco	NN	pobj	I-city_name
on	IN	prep	O
thursday	NN	pobj	B-day_name
evening	NN	npadvmod	B-period_of_day

what	WP	attr	O
is	VBZ	ROOT	O
sa	PRP	punct	B-days_code

what	WP	attr	O
is	VBZ	ROOT	O
sa	PRP	punct	B-days_code

i	PRP	nsubj	O
would	MD	aux	O
like	VB	ROOT	O
the	DT	det	O
cheapest	JJS	amod	B-cost_relative
flight	NN	dobj	O
from	IN	prep	O
pittsburgh	NN	pobj	B-fromloc.city_name
to	IN	aux	O
atlanta	VB	amod	B-toloc.city_name
leaving	NN	advcl	O
april	NN	npadvmod	B-depart_date.month_name
twenty	CD	nummod	B-depart_date.day_number
fifth	JJ	dobj	I-depart_date.day_number
and	CC	cc	O
returning	VBG	conj	O
may	MD	aux	B-return_date.month_name
sixth	VB	ROOT	B-return_date.day_number

what	WP	attr	O
is	VBZ	ROOT	O
the	DT	det	O
cost	NN	nsubj	O
of	IN	prep	O
a	DT	det	O
round	JJ	amod	B-round_trip
trip	NN	compound	I-round_trip
flight	NN	pobj	O
from	IN	prep	O
pittsburgh	NN	pobj	B-fromloc.city_name
to	TO	aux	O
atlanta	VB	advcl	B-toloc.city_name
beginning	VBG	dobj	O
on	IN	prep	O
april	NN	pobj	B-depart_date.month_name
twenty	CD	nummod	B-depart_date.day_number
fifth	JJ	amod	I-depart_date.day_number
and	CC	cc	O
returning	VBG	conj	O
on	IN	prep	O
may	MD	aux	B-return_date.month_name
sixth	VB	ROOT	B-return_date.day_number

i	PRP	nsubj	O
am	VBP	ROOT	O
interested	JJ	acomp	O
in	IN	prep	O
booking	VBG	pcomp	O
an	DT	det	O
early	JJ	amod	B-flight_mod
flight	NN	dobj	O
from	IN	prep	O
dallas	NNS	pobj	B-fromloc.city_name
into	IN	prep	O
houston	NN	pobj	B-toloc.city_name
and	CC	cc	O
returning	VBG	conj	O
in	IN	prep	O
the	DT	det	O
late	JJ	amod	B-return_time.period_mod
evening	NN	pobj	B-return_time.period_of_day

i	PRP	nsubj	O
am	VBP	ROOT	B-depart_time.period_of_day
interested	JJ	acomp	O
in	IN	prep	O
booking	VBG	pcomp	O
an	DT	det	O
early	JJ	amod	B-depart_time.period_of_day
morning	NN	compound	B-depart_time.period_of_day
flight	NN	dobj	O
from	IN	prep	O
dallas	NNS	pobj	B-fromloc.city_name
into	IN	prep	O
houston	NN	pobj	B-toloc.city_name
and	CC	cc	O
returning	VBG	conj	O
in	IN	prep	O
the	DT	det	O
late	JJ	amod	B-return_time.period_mod
evening	NN	pobj	B-return_time.period_of_day

what	WP	attr	O
is	VBZ	ROOT	O
the	DT	det	O
transportation	NN	compound	O
time	NN	nsubj	B-time
from	IN	prep	O
the	DT	det	O
airport	NN	pobj	O
to	TO	aux	O
boston	VB	advcl	B-toloc.city_name

what	WP	det	O
ground	NN	compound	O
transportation	NN	nsubj	O
is	VBZ	ROOT	O
available	JJ	acomp	O
in	IN	prep	O
baltimore	NN	pobj	B-city_name
for	IN	prep	O
the	DT	det	B-today_relative
day	NN	pobj	I-today_relative
after	IN	prep	I-today_relative
tomorrow	NN	pobj	I-today_relative

what	WP	det	O
ground	NN	compound	O
transportation	NN	nsubj	O
is	VBZ	ROOT	O
available	JJ	acomp	O
in	IN	prep	O
dallas	NNS	pobj	B-city_name
tomorrow	NN	npadvmod	B-today_relative

what	WDT	det	O
flight	NN	nsubj	O
from	IN	prep	O
denver	NN	pobj	B-fromloc.city_name
to	IN	prep	O
pittsburgh	NN	pobj	B-toloc.city_name
arrives	VBZ	ROOT	O
earliest	JJS	advmod	B-arrive_time.period_mod
in	IN	prep	O
the	DT	det	O
morning	NN	pobj	B-arrive_time.period_of_day

i	PRP	nsubj	O
need	VBP	ROOT	O
a	DT	det	O
flight	NN	dobj	O
from	IN	prep	O
toronto	NN	pobj	B-fromloc.city_name
to	TO	aux	O
montreal	VB	advcl	B-toloc.city_name
reaching	VBG	amod	O
montreal	NN	dobj	B-toloc.city_name
early	RB	advmod	B-arrive_time.period_mod
on	IN	prep	O
friday	NN	npadvmod	B-arrive_date.day_name

show	VB	ROOT	O
me	PRP	dative	O
the	DT	det	O
flights	NNS	dobj	O
from	IN	prep	O
st.	NN	pcomp	B-fromloc.city_name
petersburg	JJ	amod	I-fromloc.city_name
to	IN	prep	O
toronto	NN	pobj	B-toloc.city_name
that	DT	nsubj	O
arrive	VBP	relcl	O
early	RB	advmod	B-arrive_time.period_mod
in	IN	prep	O
the	DT	det	O
morning	NN	pobj	B-arrive_time.period_of_day

show	VBP	ROOT	O
me	PRP	dative	O
evening	NN	compound	B-period_of_day
flights	NNS	dobj	O
to	TO	aux	O
baltimore	VB	advcl	B-toloc.city_name

i	PRP	nsubj	O
need	VBP	ROOT	O
a	DT	det	O
listing	NN	dobj	O
of	IN	prep	O
flights	NNS	pobj	O
from	IN	prep	O
new	JJ	amod	B-fromloc.city_name
york	NN	compound	I-fromloc.city_name
city	NN	pobj	I-fromloc.city_name
to	TO	aux	O
montreal	VB	advcl	B-toloc.city_name
canada	NN	dobj	B-toloc.country_name
departing	VBG	advcl	O
thursday	NN	npadvmod	B-depart_date.day_name
in	IN	prep	O
the	DT	det	O
morning	NN	pobj	B-depart_time.period_of_day

could	MD	aux	O
i	PRP	nsubj	O
have	VB	ROOT	O
listings	NNS	dobj	O
of	IN	prep	O
flights	NNS	pobj	O
from	IN	prep	O
new	JJ	amod	B-fromloc.city_name
york	NN	pobj	I-fromloc.city_name
to	TO	aux	O
montreal	VB	advcl	B-toloc.city_name
canada	NN	nsubj	B-toloc.country_name
leaving	VBG	ccomp	O
on	IN	prep	O
wednesday	NN	npadvmod	B-depart_date.day_name

are	VBP	ROOT	O
there	EX	expl	O
any	DT	det	O
flights	NNS	attr	O
from	IN	prep	O
new	JJ	amod	B-fromloc.city_name
york	NN	pobj	I-fromloc.city_name
to	TO	aux	O
montreal	VB	relcl	B-toloc.city_name
canada	NN	nsubj	B-toloc.country_name
leaving	VBG	ccomp	O
on	IN	prep	O
thursday	NN	npadvmod	B-depart_date.day_name

i	PRP	nsubj	O
need	VBP	ROOT	O
a	DT	det	O
flight	NN	dobj	O
on	IN	prep	O
air	NN	compound	B-airline_name
canada	NN	pobj	I-airline_name
from	IN	prep	O
toronto	NN	pobj	B-fromloc.city_name
to	IN	prep	O
san	VB	amod	B-toloc.city_name
diego	NN	pobj	I-toloc.city_name
with	IN	prep	O
a	DT	det	O
layover	NN	pobj	O
in	IN	prep	O
dc	NNS	pobj	B-stoploc.state_code

find	VB	ROOT	O
a	DT	det	O
flight	NN	dobj	O
from	IN	prep	O
toronto	NN	pobj	B-fromloc.city_name
to	IN	prep	O
san	VB	amod	B-toloc.city_name
diego	NN	pobj	I-toloc.city_name
with	IN	prep	O
a	DT	det	O
layover	NN	pobj	O
in	IN	prep	O
dc	NNP	pobj	B-stoploc.state_code
on	IN	prep	O
delta	NN	compound	B-airline_name
airlines	NNS	pobj	I-airline_name

display	VB	ROOT	O
all	DT	det	O
flights	NNS	dobj	O
leaving	VBG	acl	O
from	IN	prep	O
toronto	NN	pobj	B-fromloc.city_name
to	IN	prep	O
san	VB	amod	B-toloc.city_name
diego	NN	pobj	I-toloc.city_name
on	IN	prep	O
us	PRP	pobj	B-airline_name
air	NN	npadvmod	I-airline_name
laying	VBG	ccomp	O
over	RP	prt	O
in	IN	prep	O
washington	NN	pobj	B-stoploc.city_name
dc	NNP	npadvmod	B-stoploc.state_code

are	VBP	ROOT	O
there	EX	expl	O
any	DT	det	O
flights	NNS	attr	O
from	IN	prep	O
boston	NN	pobj	B-fromloc.city_name
to	IN	prep	O
san	NN	compound	B-toloc.city_name
francisco	NN	pobj	I-toloc.city_name
which	WDT	nsubj	O
stop	VBP	relcl	O
in	IN	prep	O
washington	NN	pobj	B-stoploc.city_name
dc	NNP	punct	B-stoploc.state_code

i	PRP	nsubj	O
need	VBP	ROOT	O
a	DT	det	O
flight	NN	dobj	O
from	IN	prep	O
toronto	NN	pobj	B-fromloc.city_name
to	IN	prep	O
san	VB	amod	B-toloc.city_name
diego	NN	pobj	I-toloc.city_name
with	IN	prep	O
a	DT	det	O
layover	NN	pobj	O
in	IN	prep	O
washington	NN	pobj	B-stoploc.city_name
dc	NNP	dobj	B-stoploc.state_code
on	IN	prep	O
air	NN	compound	B-airline_name
canada	NN	pobj	I-airline_name

what	WP	dobj	O
does	VBZ	aux	O
d	NN	nsubj	B-meal_code
s	POS	nmod	I-meal_code
stand	VB	ROOT	O
for	IN	prep	O
for	IN	prep	O
meals	NNS	pobj	B-meal

what	WP	dobj	O
does	VBZ	aux	O
the	DT	det	O
meal	NN	compound	B-meal
code	NN	nsubj	O
s	POS	case	B-meal_code
stand	NN	ROOT	O
for	IN	prep	O

what	WP	dobj	O
does	VBZ	aux	O
ls	RB	nsubj	B-meal_code
stand	VB	ROOT	O
for	IN	prep	O

what	WP	attr	O
is	VBZ	ROOT	O
the	DT	det	O
meaning	NN	nsubj	O
of	IN	prep	O
meal	NN	compound	B-meal_code
code	NN	pobj	I-meal_code
s	POS	punct	I-meal_code

what	WP	dobj	O
does	VBZ	aux	O
s	PRP	nsubj	B-meal_code
designate	JJ	ROOT	O
as	IN	prep	O
a	DT	det	O
meal	NN	pobj	B-meal

find	VB	ROOT	O
me	PRP	nsubj	O
the	DT	det	O
latest	JJS	amod	B-flight_mod
return	NN	compound	O
flight	NN	ccomp	O
from	IN	prep	O
atlanta	NN	pobj	B-fromloc.city_name
to	IN	prep	O
boston	NN	pobj	B-toloc.city_name
on	IN	prep	O
the	DT	det	O
same	JJ	amod	O
day	NN	pobj	B-return_date.date_relative

how	WRB	advmod	O
can	MD	aux	O
i	PRP	nsubj	O
get	VB	ROOT	O
from	IN	prep	O
boston	NN	pobj	B-fromloc.city_name
to	TO	aux	O
atlanta	VB	advcl	B-toloc.city_name
and	CC	cc	O
back	RB	conj	O
in	IN	prep	O
the	DT	det	O
same	JJ	amod	O
day	NN	pobj	B-return_date.date_relative
and	CC	cc	O
have	VB	conj	O
the	DT	det	O
most	JJS	amod	O
hours	NNS	dobj	O
on	IN	prep	O
the	DT	det	O
ground	NN	pobj	O
in	IN	prep	O
atlanta	NN	pobj	B-toloc.city_name

find	VB	ROOT	O
me	PRP	nsubj	O
the	DT	det	O
earliest	JJS	amod	B-flight_mod
flight	NN	ccomp	O
from	IN	prep	O
boston	NN	pobj	B-fromloc.city_name
to	TO	prep	O
atlanta	VB	pobj	B-toloc.city_name
and	CC	cc	O
the	DT	det	O
latest	JJS	amod	B-flight_mod
return	NN	conj	O
to	IN	prep	O
boston	NN	pobj	B-toloc.city_name
on	IN	prep	O
the	DT	det	O
same	JJ	amod	O
day	NN	pobj	B-return_date.date_relative

what	WDT	det	O
flights	NNS	dobj	O
can	MD	aux	O
i	PRP	nsubj	O
take	VB	ROOT	O
between	IN	prep	O
boston	NN	pobj	B-fromloc.city_name
and	CC	cc	O
atlanta	VB	conj	B-toloc.city_name
so	IN	mark	O
that	IN	mark	O
when	WRB	advmod	O
i	PRP	nsubj	O
leave	VBP	advcl	O
boston	NN	dobj	B-fromloc.city_name
i	PRP	nsubj	O
will	MD	aux	O
have	VB	advcl	O
the	DT	det	O
maximum	JJ	amod	O
amount	NN	dobj	O
of	IN	prep	O
time	NN	pobj	O
on	IN	prep	O
the	DT	det	O
ground	NN	pobj	O
in	IN	prep	O
atlanta	NN	pobj	B-toloc.city_name
and	CC	cc	O
still	RB	advmod	O
return	VB	conj	O
in	IN	prep	O
the	DT	det	O
same	JJ	amod	O
day	NN	pobj	B-return_date.date_relative

i	PRP	nsubj	O
want	VBP	ROOT	O
to	TO	aux	O
travel	VB	xcomp	O
from	IN	prep	O
kansas	NNS	amod	B-fromloc.city_name
city	NN	pobj	I-fromloc.city_name
to	TO	aux	O
chicago	VB	advcl	B-toloc.city_name
round	JJ	amod	B-round_trip
trip	NN	dobj	I-round_trip
leaving	VBG	acl	O
wednesday	NNP	compound	B-depart_date.day_name
june	NN	compound	B-depart_date.month_name
sixteenth	NN	dobj	B-depart_date.day_number
arriving	VBG	acl	O
in	IN	prep	O
chicago	NN	pobj	B-toloc.city_name
at	IN	prep	O
around	IN	quantmod	B-arrive_time.time_relative
7	CD	nummod	B-arrive_time.time
o'clock	NN	pobj	I-arrive_time.time
in	IN	prep	O
the	DT	det	O
evening	NN	pobj	B-arrive_time.period_of_day
and	CC	cc	O
returning	VBG	conj	O
the	DT	det	O
next	JJ	amod	B-return_date.date_relative
day	NN	npadvmod	O
arriving	VBG	advcl	O
in	IN	prep	O
kansas	NNS	amod	B-toloc.city_name
city	NN	pobj	I-toloc.city_name
at	IN	prep	O
around	IN	quantmod	B-arrive_time.time_relative
7	CD	nummod	B-arrive_time.time
o'clock	NN	pobj	I-arrive_time.time
in	IN	prep	O
the	DT	det	O
evening	NN	pobj	B-arrive_time.period_of_day
which	WDT	dobj	O
airlines	NNS	nsubj	O
fly	VBP	relcl	O
that	DT	det	O
route	NN	dobj	O

show	VBP	ROOT	O
me	PRP	dative	O
airports	NNS	dobj	O
near	IN	prep	O
washington	NN	pobj	B-city_name
dc	NNP	punct	B-state_code

show	VBP	ROOT	O
me	PRP	dative	O
ground	NN	compound	O
transportation	NN	dobj	O
in	IN	prep	O
washington	NN	pobj	B-city_name
dc	NNP	punct	B-state_code

what	WDT	det	O
sort	NN	attr	O
of	IN	prep	O
ground	NN	compound	O
transportation	NN	pobj	O
is	VBZ	ROOT	O
there	RB	advmod	O
in	IN	prep	O
washington	NN	pobj	B-city_name
dc	NNP	punct	B-state_code

show	VB	ROOT	O
me	PRP	dative	O
all	DT	det	O
ground	NN	compound	O
transportation	NN	dobj	O
in	IN	prep	O
washington	NN	pobj	B-city_name
dc	NNP	punct	B-state_code

show	VBP	ROOT	O
me	PRP	dative	O
airports	NNS	dobj	O
in	IN	prep	O
washington	NN	pobj	B-city_name
dc	NNP	punct	B-state_code

now	RB	advmod	O
i	PRP	nsubj	O
need	VBP	ROOT	O
a	DT	det	O
flight	NN	compound	O
leaving	VBG	compound	O
fort	NN	dobj	B-fromloc.city_name
worth	JJ	amod	I-fromloc.city_name
and	CC	cc	O
arriving	VBG	conj	O
in	IN	prep	O
denver	NN	pobj	B-toloc.city_name
no	RB	neg	B-arrive_time.time_relative
later	RB	amod	I-arrive_time.time_relative
than	IN	quantmod	I-arrive_time.time_relative
2	CD	nummod	B-arrive_time.time
pm	NN	npadvmod	I-arrive_time.time
next	JJ	amod	B-arrive_date.date_relative
monday	NN	npadvmod	B-arrive_date.day_name

what	WDT	det	O
flights	NNS	dobj	O
from	IN	prep	O
kansas	NNS	amod	B-fromloc.city_name
city	NN	pobj	I-fromloc.city_name
to	IN	aux	O
chicago	NNP	compound	B-toloc.city_name
arrive	NN	ROOT	O
at	IN	prep	O
chicago	NN	pobj	B-toloc.city_name
at	IN	prep	O
7	CD	nummod	B-arrive_time.time
pm	NN	pobj	I-arrive_time.time
next	JJ	amod	B-arrive_date.date_relative
wednesday	NN	npadvmod	B-arrive_date.day_name

show	VB	ROOT	O
me	PRP	dative	O
all	PDT	predet	O
the	DT	det	O
flights	NNS	dobj	O
arriving	VBG	acl	O
in	IN	prep	O
charlotte	NN	pobj	B-toloc.city_name
around	IN	advmod	B-arrive_time.time_relative
5	CD	nummod	B-arrive_time.time
pm	NN	npadvmod	I-arrive_time.time
next	JJ	amod	B-arrive_date.date_relative
monday	NN	npadvmod	B-arrive_date.day_name
please	UH	intj	O

all	DT	det	O
flights	NNS	ROOT	O
from	IN	prep	O
pittsburgh	NN	pobj	B-fromloc.city_name
to	TO	aux	O
philadelphia	VB	acl	B-toloc.city_name
that	DT	nsubj	O
arrive	VBP	dobj	O
at	IN	prep	O
6	CD	nummod	B-arrive_time.time
o'clock	NN	pobj	I-arrive_time.time
next	JJ	amod	B-arrive_date.date_relative
tuesday	NN	npadvmod	B-arrive_date.day_name

what	WDT	det	O
flights	NNS	nsubj	O
from	IN	prep	O
salt	NN	compound	B-fromloc.city_name
lake	NN	compound	I-fromloc.city_name
city	NN	pobj	I-fromloc.city_name
to	IN	prep	O
new	JJ	amod	B-toloc.city_name
york	NN	compound	I-toloc.city_name
city	NN	pobj	I-toloc.city_name
arrive	VB	ROOT	O
next	JJ	amod	B-arrive_date.date_relative
saturday	NN	npadvmod	B-arrive_date.day_name
before	IN	prep	B-arrive_time.time_relative
6	CD	nummod	B-arrive_time.time
pm	NN	pobj	I-arrive_time.time

i	PRP	nsubj	O
would	MD	aux	O
like	VB	ROOT	O
a	DT	det	O
nonstop	JJ	amod	B-flight_stop
flight	NN	dobj	O
from	IN	prep	O
jfk	NNS	pobj	B-fromloc.airport_code
to	TO	aux	O
las	VB	advcl	B-toloc.city_name
vegas	NN	dobj	I-toloc.city_name
on	IN	prep	O
march	NN	pobj	B-arrive_date.month_name
second	JJ	advmod	B-arrive_date.day_number

all	DT	det	O
flights	NNS	ROOT	O
from	IN	prep	O
sfo	NNS	pobj	B-fromloc.airport_code
to	IN	prep	O
long	JJ	amod	B-toloc.city_name
beach	NN	pobj	I-toloc.city_name

what	WDT	pobj	O
flights	NNS	nsubj	O
are	VBP	ROOT	O
between	IN	prep	O
dfw	NN	pobj	B-fromloc.airport_code
and	CC	cc	O
oakland	NN	conj	B-toloc.city_name

from	IN	ROOT	O
sfo	NNS	pobj	B-fromloc.airport_code
to	IN	prep	O
denver	NN	pobj	B-toloc.city_name

sfo	VBZ	ROOT	B-fromloc.airport_code
to	IN	prep	O
denver	NN	pobj	B-toloc.city_name
on	IN	prep	O
monday	NNP	amod	B-depart_date.day_name
november	NN	npadvmod	B-depart_date.month_name
eleventh	JJ	pobj	B-depart_date.day_number
1991	CD	npadvmod	B-depart_date.year

what's	:	ROOT	O
the	DT	det	O
earliest	JJS	amod	B-flight_mod
flight	NN	ROOT	O
from	IN	prep	O
boston	NN	pobj	B-fromloc.city_name
to	TO	prep	O
bwi	NN	pobj	B-toloc.airport_code
that	WDT	nsubj	O
serves	VBZ	relcl	O
dinner	NN	dobj	B-meal_description

what	WP	attr	O
are	VBP	ROOT	O
the	DT	det	O
fares	NNS	nsubj	O
for	IN	prep	O
flights	NNS	pobj	O
between	IN	prep	O
atlanta	NN	pobj	B-fromloc.city_name
and	CC	cc	O
dfw	NN	conj	B-toloc.airport_code
provided	VBN	acl	O
by	IN	agent	O
american	JJ	amod	B-airline_name
airlines	NNS	pobj	I-airline_name

do	VBP	aux	O
i	PRP	nsubj	O
get	VB	ROOT	O
a	DT	det	O
meal	NN	dobj	B-meal
on	IN	prep	O
the	DT	det	O
atlanta	NN	pobj	B-fromloc.city_name
to	IN	prep	O
bwi	JJ	amod	B-toloc.airport_code
flight	NN	pobj	O
eastern	NN	npadvmod	B-airline_name
210	CD	nummod	B-flight_number

what	WP	attr	O
is	VBZ	ROOT	O
the	DT	det	O
cost	NN	nsubj	O
of	IN	prep	O
a	DT	det	O
round	JJ	amod	B-round_trip
trip	NN	nmod	I-round_trip
ticket	NN	nmod	O
first	JJ	amod	B-class_type
class	NN	pobj	I-class_type
between	IN	prep	O
oak	NN	pobj	B-fromloc.airport_code
and	CC	cc	O
atl	NN	conj	B-toloc.airport_code

show	VBP	ROOT	O
all	DT	det	O
flights	NNS	dobj	O
from	IN	prep	O
miami	NN	pobj	B-fromloc.city_name
to	IN	prep	O
jfk	VB	xcomp	B-toloc.airport_code

list	VB	ROOT	O
the	DT	det	O
flights	NNS	dobj	O
on	IN	prep	O
wednesday	NN	pobj	B-depart_date.day_name
from	IN	prep	O
denver	NN	pobj	B-fromloc.city_name
to	IN	prep	O
washington	NN	pobj	B-toloc.city_name
arriving	VBG	advcl	O
in	IN	prep	O
washington	NN	pobj	B-toloc.city_name
between	IN	prep	O
1115	CD	nummod	B-arrive_time.start_time
am	NN	pobj	I-arrive_time.start_time
and	CC	cc	O
1245	CD	nummod	B-arrive_time.end_time
pm	NN	ROOT	I-arrive_time.end_time

is	VBZ	ROOT	O
there	EX	expl	O
a	DT	det	O
flight	NN	attr	O
from	IN	prep	O
pittsburgh	NN	pobj	B-fromloc.city_name
to	TO	aux	O
baltimore	VB	relcl	B-toloc.city_name
that	WDT	nsubj	O
arrives	VBZ	relcl	O
between	IN	quantmod	O
6	CD	nummod	B-arrive_time.start_time
and	CC	cc	O
7	CD	conj	B-arrive_time.end_time
pm	NN	dobj	I-arrive_time.end_time

flights	NNS	nsubj	O
from	IN	prep	O
pittsburgh	NN	pobj	B-fromloc.city_name
to	TO	aux	O
baltimore	VB	ROOT	B-toloc.city_name
arriving	VBG	xcomp	O
between	IN	quantmod	O
4	CD	nummod	B-arrive_time.start_time
and	CC	cc	O
5	CD	conj	B-arrive_time.end_time
pm	NN	npadvmod	I-arrive_time.end_time

i	PRP	nsubj	O
need	VBP	ROOT	O
a	DT	det	O
nonstop	JJ	amod	B-flight_stop
flight	NN	dobj	O
from	IN	prep	O
atlanta	NN	pobj	B-fromloc.city_name
to	IN	prep	O
baltimore	NN	pobj	B-toloc.city_name
arriving	VBG	acl	O
between	IN	quantmod	O
5	CD	nummod	B-arrive_time.start_time
pm	NN	dobj	I-arrive_time.start_time
and	CC	cc	O
730	CD	nummod	B-arrive_time.end_time
pm	NN	ROOT	I-arrive_time.end_time

tell	VB	ROOT	O
me	PRP	dobj	O
about	IN	prep	O
flights	NNS	pobj	O
leaving	VBG	acl	O
from	IN	prep	O
atlanta	NN	pobj	B-fromloc.city_name
and	CC	cc	O
going	VBG	conj	O
to	TO	aux	O
charlotte	VB	xcomp	B-toloc.city_name
north	NN	compound	B-toloc.state_name
carolina	NN	dobj	I-toloc.state_name
next	JJ	amod	B-depart_date.date_relative
monday	NN	npadvmod	B-depart_date.day_name
i	PRP	nsubj	O
need	VBP	ccomp	O
to	TO	aux	O
know	VB	xcomp	O
about	IN	prep	O
flights	NNS	pobj	O
that	WDT	nsubj	O
arrive	VBP	relcl	O
in	IN	prep	O
charlotte	NN	pobj	B-toloc.city_name
between	IN	prep	O
415	CD	pobj	B-arrive_time.start_time
and	CC	cc	O
530	CD	conj	B-arrive_time.end_time
pm	NN	punct	I-arrive_time.end_time

is	VBZ	ROOT	O
there	EX	expl	O
a	DT	det	O
flight	NN	compound	O
leaving	NN	attr	O
at	IN	prep	O
1505	CD	pobj	B-depart_time.time
from	IN	prep	O
pittsburgh	NN	pobj	B-fromloc.city_name
to	TO	aux	O
baltimore	VB	relcl	B-toloc.city_name
on	IN	prep	O
july	NN	pobj	B-depart_date.month_name
twenty	CD	nummod	B-depart_date.day_number
fifth	JJ	amod	I-depart_date.day_number
1991	CD	punct	B-depart_date.year

show	VBP	ROOT	O
me	PRP	dative	O
fares	NNS	dobj	O
for	IN	prep	O
flights	NNS	pobj	O
from	IN	prep	O
minneapolis	NNS	pobj	B-fromloc.city_name
to	TO	aux	O
seattle	VB	xcomp	B-toloc.city_name
on	IN	prep	O
july	NNP	pobj	B-depart_date.month_name
first	JJ	advmod	B-depart_date.day_number
1993	CD	npadvmod	B-depart_date.year

show	VB	ROOT	O
me	PRP	dative	O
the	DT	det	O
flights	NNS	dobj	O
from	IN	prep	O
boston	NN	pobj	B-fromloc.city_name
to	TO	aux	O
fort	VB	advcl	B-toloc.city_name
worth	JJ	acomp	I-toloc.city_name
on	IN	prep	O
the	DT	det	O
morning	NN	pobj	B-depart_time.period_of_day
of	IN	prep	O
july	NNP	pobj	B-depart_date.month_name
tenth	NN	npadvmod	B-depart_date.day_number
1991	CD	npadvmod	B-depart_date.year

on	IN	prep	O
november	NN	pobj	B-depart_date.month_name
twenty	CD	nummod	B-depart_date.day_number
third	NN	pobj	I-depart_date.day_number
of	IN	prep	O
this	DT	det	O
year	NN	pobj	B-depart_date.year
1991	CD	appos	O
i'd	RB	neg	O
like	VB	ROOT	O
to	TO	aux	O
fly	VB	xcomp	O
from	IN	prep	O
atlanta	NN	pobj	B-fromloc.city_name
to	IN	prep	O
denver	NN	pobj	B-toloc.city_name
and	CC	cc	O
i'd	RB	aux	O
like	VB	conj	O
to	TO	aux	O
fly	VB	xcomp	O
on	IN	prep	O
delta	NN	pobj	B-airline_name

what	WP	dobj	O
does	VBZ	aux	O
restriction	NN	nsubj	O
ap	IN	prep	B-restriction_code
80	CD	nummod	I-restriction_code
mean	NN	ROOT	O

what	WP	attr	O
is	VBZ	ROOT	O
restriction	NN	nsubj	O
ap57	ADD	punct	B-restriction_code

what	WP	dobj	O
does	VBZ	aux	O
ap57	PRP	nsubj	B-restriction_code
mean	VB	ROOT	O

explain	VB	ROOT	O
restriction	NN	dobj	O
ap	UH	intj	B-restriction_code
please	UH	intj	O

what	WP	attr	O
is	VBZ	ROOT	O
restriction	NN	nsubj	O
ap57	ADD	punct	B-restriction_code

are	VBP	ROOT	O
there	EX	expl	O
any	DT	det	O
american	JJ	amod	B-airline_name
airlines	NNS	compound	I-airline_name
flights	NNS	attr	O
flying	VBG	acl	O
into	IN	prep	O
pittsburgh	NN	pobj	B-toloc.city_name
between	IN	prep	O
12	CD	pobj	B-depart_time.start_time
and	CC	cc	O
4	CD	conj	B-depart_time.end_time
in	IN	prep	O
the	DT	det	O
afternoon	NN	pobj	B-depart_time.period_of_day

show	VB	ROOT	O
me	PRP	dative	O
all	PDT	predet	O
the	DT	det	O
us	PRP	poss	B-airline_name
air	NN	compound	I-airline_name
flights	NNS	dobj	O
to	IN	prep	O
pittsburgh	NN	pobj	B-toloc.city_name
between	IN	quantmod	O
12	CD	dobj	B-depart_time.start_time
and	CC	cc	O
4	CD	conj	B-depart_time.end_time
in	IN	prep	O
the	DT	det	O
afternoon	NN	pobj	B-depart_time.period_of_day

tell	VB	ROOT	O
me	PRP	dobj	O
about	IN	prep	O
flights	NNS	pobj	O
from	IN	prep	O
toronto	NN	pobj	B-fromloc.city_name
to	TO	aux	O
salt	VB	advcl	B-toloc.city_name
lake	NN	compound	I-toloc.city_name
city	NN	dobj	I-toloc.city_name
leaving	VBG	advcl	O
toronto	NN	dobj	B-fromloc.city_name
between	IN	prep	O
530	CD	pobj	B-depart_time.start_time
and	CC	cc	O
7	CD	conj	B-depart_time.end_time
pm	NN	punct	I-depart_time.end_time

please	UH	intj	O
show	VB	ROOT	O
me	PRP	dative	O
flights	NNS	dobj	O
from	IN	prep	O
philadelphia	NN	pobj	B-fromloc.city_name
to	TO	aux	O
baltimore	VB	xcomp	B-toloc.city_name
between	IN	prep	O
10	CD	nummod	B-depart_time.start_time
am	NN	pobj	I-depart_time.start_time
and	CC	cc	O
2	CD	nummod	B-depart_time.end_time
pm	NN	conj	I-depart_time.end_time

show	VB	ROOT	O
me	PRP	dative	O
all	PDT	predet	O
the	DT	det	O
us	PRP	compound	B-airline_name
air	NN	compound	I-airline_name
flights	NNS	dobj	O
leaving	VBG	acl	O
pittsburgh	NN	dobj	B-fromloc.city_name
between	IN	prep	O
12	CD	pobj	B-depart_time.start_time
and	CC	cc	O
4	CD	conj	B-depart_time.end_time
in	IN	prep	O
the	DT	det	O
afternoon	NN	pobj	B-depart_time.period_of_day

what	WP	nsubj	O
does	VBZ	aux	O
dfw	VB	ROOT	B-airport_code
mean	VB	ROOT	O

what	WP	nsubj	O
is	VBZ	ROOT	O
ord	JJ	nsubj	B-airport_code

what	WP	dobj	O
does	VBZ	aux	O
ewr	NN	attr	B-airport_code
mean	VB	ROOT	O

is	VBZ	ROOT	O
bwi	JJ	amod	B-airport_code
washington	NN	attr	B-city_name

what	WP	attr	O
is	VBZ	ROOT	O
mco	NN	attr	B-airport_code

which	WDT	det	O
flight	NN	dobj	O
from	IN	prep	O
pittsburgh	NN	pobj	B-fromloc.city_name
to	TO	aux	O
baltimore	VB	nsubj	B-toloc.city_name
carries	VBZ	ROOT	O
the	DT	det	O
smallest	JJS	amod	B-mod
number	NN	dobj	O
of	IN	prep	O
passengers	NNS	pobj	O

of	IN	ROOT	O
all	DT	det	O
airlines	NNS	pobj	O
which	WDT	det	O
airline	NN	nsubj	O
has	VBZ	relcl	O
the	DT	det	O
most	JJS	amod	B-mod
arrivals	NNS	dobj	O
in	IN	prep	O
atlanta	NN	pobj	B-toloc.city_name

what	WP	attr	O
are	VBP	ROOT	O
the	DT	det	O
two	CD	nummod	B-mod
american	JJ	amod	B-airline_name
airlines	NNS	compound	I-airline_name
flights	NNS	nsubj	O
that	WDT	nsubj	O
leave	VBP	relcl	O
from	IN	prep	O
dallas	NNS	pobj	B-fromloc.city_name
to	IN	prep	O
san	NN	amod	B-toloc.city_name
francisco	NN	pobj	I-toloc.city_name
in	IN	prep	O
the	DT	det	O
evening	NN	pobj	B-depart_time.period_of_day

what's	NNP	ROOT	O
the	DT	det	O
next	JJ	amod	O
smallest	JJS	amod	B-mod
plane	NN	ROOT	O
after	IN	prep	O
a	DT	det	O
turboprop	NN	pobj	O

what	WP	attr	O
is	VBZ	ROOT	O
the	DT	det	O
total	JJ	amod	B-mod
seating	NN	compound	O
capacity	NN	nsubj	O
of	IN	prep	O
all	DT	det	O
aircraft	NN	pobj	O
of	IN	prep	O
american	JJ	amod	B-airline_name
airlines	NNS	pobj	I-airline_name

how	WRB	advmod	O
many	JJ	amod	O
seats	NNS	ROOT	O
in	IN	prep	O
a	DT	det	O
72s	NNS	pobj	B-aircraft_code

do	VBP	aux	O
you	PRP	nsubj	O
have	VB	ROOT	O
a	DT	det	O
747	CD	dobj	B-aircraft_code
that	WDT	nsubj	O
flies	VBZ	relcl	O
from	IN	prep	O
san	JJ	amod	B-fromloc.city_name
francisco	NN	pobj	I-fromloc.city_name
to	TO	aux	O
baltimore	VB	advcl	B-toloc.city_name

show	VB	ROOT	O
me	PRP	dative	O
all	DT	det	O
flights	NNS	dobj	O
from	IN	prep	O
san	NN	compound	B-fromloc.city_name
diego	NN	pobj	I-fromloc.city_name
to	IN	prep	O
dulles	NNS	pobj	B-toloc.airport_name
on	IN	prep	O
boeing	VBG	pcomp	O
767	CD	dobj	B-aircraft_code

do	VBP	aux	O
you	PRP	nsubj	O
fly	VB	ROOT	O
a	DT	det	O
747	CD	dobj	B-aircraft_code
from	IN	prep	O
baltimore	NN	pobj	B-fromloc.city_name
to	IN	prep	O
san	NN	compound	B-toloc.city_name
francisco	NN	pobj	I-toloc.city_name

does	VBZ	aux	O
any	DT	det	O
airline	NN	nsubj	O
offer	VB	ROOT	O
dc10	CD	compound	B-aircraft_code
service	NN	dobj	O
between	IN	prep	O
denver	NN	pobj	B-fromloc.city_name
and	CC	cc	O
boston	NN	conj	B-toloc.city_name

does	VBZ	aux	O
the	DT	det	O
phoenix	NN	compound	B-airport_name
airport	NN	nsubj	I-airport_name
have	VBP	aux	O
ground	VBN	ROOT	O
transportation	NN	dobj	O
to	IN	prep	O
and	CC	cc	O
from	IN	conj	O
downtown	NN	pobj	O

what	WP	attr	O
is	VBZ	ROOT	O
the	DT	det	O
cost	NN	nsubj	O
of	IN	prep	O
the	DT	det	O
air	NN	compound	B-transport_type
taxi	NN	compound	I-transport_type
operation	NN	pobj	I-transport_type
at	IN	prep	O
philadelphia	JJ	amod	B-airport_name
international	JJ	amod	I-airport_name
airport	NN	pobj	I-airport_name

what's	NNP	ROOT	O
the	DT	det	O
name	NN	ROOT	O
of	IN	prep	O
the	DT	det	O
denver	NN	compound	B-airport_name
airport	NN	pobj	I-airport_name

i'll	NNP	nsubj	O
need	VB	ccomp	O
a	DT	det	O
rental	JJ	amod	B-transport_type
car	NN	dobj	I-transport_type
at	IN	prep	O
the	DT	det	O
atlanta	JJ	amod	B-airport_name
airport	NN	pobj	I-airport_name
can	MD	aux	O
you	PRP	nsubj	O
show	VB	ROOT	O
me	PRP	dative	O
what's	NNP	dobj	O
available	JJ	ccomp	O

list	VB	ROOT	O
all	PDT	predet	O
the	DT	det	O
takeoffs	NNS	dobj	O
and	CC	cc	O
landings	NNS	conj	O
at	IN	prep	O
general	JJ	amod	B-airport_name
mitchell	NN	compound	I-airport_name
international	JJ	pobj	I-airport_name

i	PRP	nsubj	O
would	MD	aux	O
like	VB	ROOT	O
to	TO	aux	O
travel	VB	xcomp	O
from	IN	prep	O
boston	NN	pobj	B-fromloc.city_name
to	IN	prep	O
denver	NN	pobj	B-toloc.city_name
early	RB	advmod	B-depart_time.period_mod
in	IN	prep	O
the	DT	det	O
morning	NN	pobj	B-depart_time.period_of_day

show	VB	ROOT	O
me	PRP	dative	O
the	DT	det	O
flights	NNS	dobj	O
from	IN	prep	O
salt	NN	compound	B-fromloc.city_name
lake	NN	compound	I-fromloc.city_name
city	NN	pobj	I-fromloc.city_name
to	TO	aux	O
st.	VB	xcomp	B-toloc.city_name
petersburg	JJ	acomp	I-toloc.city_name
late	JJ	amod	B-depart_time.period_mod
night	NN	npadvmod	B-depart_time.period_of_day
on	IN	prep	O
tuesday	NN	pobj	B-depart_date.day_name

do	VBP	aux	O
you	PRP	nsubj	O
have	VB	ROOT	O
a	DT	det	O
twa	NN	compound	B-airline_code
flight	NN	dobj	O
leaving	VBG	acl	O
early	RB	advmod	B-depart_time.period_mod
in	IN	prep	O
the	DT	det	O
morning	NN	pobj	B-depart_time.period_of_day
to	TO	aux	O
san	VB	relcl	B-toloc.city_name
francisco	NN	dobj	I-toloc.city_name
from	IN	prep	O
denver	NN	pobj	B-fromloc.city_name

what	WDT	pobj	O
flights	NNS	nsubj	O
are	VBP	ROOT	O
available	JJ	acomp	O
from	IN	prep	O
boston	NN	pobj	B-fromloc.city_name
to	IN	prep	O
washington	VB	pobj	B-toloc.city_name
dc	NNS	dep	B-toloc.state_code
late	RB	advmod	B-depart_time.period_mod
the	DT	det	O
twenty	CD	nummod	B-depart_date.day_number
fifth	JJ	advmod	I-depart_date.day_number
or	CC	cc	B-or
early	RB	conj	B-depart_time.period_mod
the	DT	det	O
twenty	CD	nummod	B-depart_date.day_number
sixth	JJ	conj	I-depart_date.day_number

are	VBP	ROOT	O
there	EX	expl	O
any	DT	det	O
thrift	NN	compound	B-class_type
economy	NN	compound	B-economy
flights	NNS	attr	O
to	IN	prep	O
san	NN	amod	B-toloc.city_name
francisco	NN	pobj	I-toloc.city_name
from	IN	prep	O
boston	NN	pobj	B-fromloc.city_name

what	WP	attr	O
is	VBZ	ROOT	O
the	DT	det	O
fare	NN	nsubj	O
on	IN	prep	O
the	DT	det	O
thrift	NN	compound	B-class_type
economy	NN	compound	B-economy
flight	NN	pobj	O
from	IN	prep	O
boston	NN	pobj	B-fromloc.city_name
to	IN	prep	O
san	NN	pobj	B-toloc.city_name
francisco	NN	attr	I-toloc.city_name

show	VB	ROOT	O
me	PRP	dative	O
the	DT	det	O
economy	NN	compound	B-economy
flights	NNS	dobj	O
from	IN	prep	O
baltimore	NN	pobj	B-fromloc.city_name
to	IN	prep	O
dallas	NNS	pobj	B-toloc.city_name

what	WP	pobj	O
economy	NN	compound	B-economy
flights	NNS	nsubj	O
are	VBP	ROOT	O
available	JJ	acomp	O
from	IN	prep	O
dallas	NNS	pobj	B-fromloc.city_name
to	TO	aux	O
baltimore	VB	advcl	B-toloc.city_name
on	IN	prep	O
december	NN	pobj	B-depart_date.month_name
seventeenth	JJ	ROOT	B-depart_date.day_number

i'd	RB	neg	O
like	VB	ROOT	O
to	TO	aux	O
see	VB	xcomp	O
all	PDT	predet	O
the	DT	det	O
economy	NN	compound	B-economy
fares	NNS	dobj	O
from	IN	prep	O
baltimore	NN	pobj	B-fromloc.city_name
to	IN	prep	O
philadelphia	NN	pobj	B-toloc.city_name

please	UH	intj	O
list	VB	ROOT	O
any	DT	det	O
flights	NNS	dobj	O
from	IN	prep	O
oakland	NN	compound	B-fromloc.city_name
california	NN	pobj	B-fromloc.state_name
to	TO	aux	O
philadelphia	VB	advcl	B-toloc.city_name
on	IN	prep	O
tuesday	NN	npadvmod	B-depart_date.day_name

give	VB	ROOT	O
me	PRP	dative	O
the	DT	det	O
flights	NNS	dobj	O
from	IN	prep	O
memphis	PRP$	poss	B-fromloc.city_name
tennessee	NN	pobj	B-fromloc.state_name
to	TO	aux	O
charlotte	VB	relcl	B-toloc.city_name
north	NN	compound	B-toloc.state_name
carolina	NN	dobj	I-toloc.state_name

information	NN	ROOT	O
on	IN	prep	O
american	JJ	amod	B-airline_name
airlines	NNS	pobj	I-airline_name
from	IN	prep	O
fort	NN	amod	B-fromloc.city_name
worth	JJ	pobj	I-fromloc.city_name
texas	JJ	advmod	B-fromloc.state_name
to	TO	aux	O
philadelphia	VB	ROOT	B-toloc.city_name

please	UH	intj	O
list	VB	ROOT	O
the	DT	det	O
shortest	JJS	amod	B-flight_mod
one	CD	dobj	B-flight_stop
stop	VB	dep	I-flight_stop
flight	NN	dobj	O
from	IN	prep	O
ontario	NN	compound	B-fromloc.city_name
california	NN	pobj	B-fromloc.state_name
to	TO	aux	O
orlando	VB	advcl	B-toloc.city_name
florida	NN	dobj	B-toloc.state_name

i	PRP	nsubj	O
would	MD	aux	O
like	VB	ROOT	O
to	TO	aux	O
book	VB	xcomp	O
an	DT	det	O
early	JJ	amod	B-depart_time.period_of_day
morning	NN	compound	B-depart_time.period_of_day
flight	NN	dobj	O
from	IN	prep	O
tampa	NN	compound	B-fromloc.city_name
florida	NN	pobj	B-fromloc.state_name
to	TO	aux	O
charlotte	VB	advcl	B-toloc.city_name
north	NN	compound	B-toloc.state_name
carolina	NN	dobj	I-toloc.state_name
on	IN	prep	O
april	NN	pobj	B-depart_date.month_name
sixth	JJ	advmod	B-depart_date.day_number

show	VB	ROOT	O
me	PRP	dative	O
the	DT	det	O
flights	NNS	dobj	O
from	IN	prep	O
all	DT	det	O
airports	NNS	pobj	O
to	TO	aux	O
love	VB	acl	B-toloc.airport_name
field	NN	dobj	I-toloc.airport_name

show	VB	ROOT	O
me	PRP	dative	O
the	DT	det	O
flights	NNS	dobj	O
arriving	VBG	acl	O
at	IN	prep	O
love	NN	compound	B-toloc.airport_name
field	NN	pobj	I-toloc.airport_name

show	VB	ROOT	O
me	PRP	dative	O
the	DT	det	O
flights	NNS	dobj	O
arriving	VBG	acl	O
at	IN	prep	O
love	NN	compound	B-toloc.airport_name
field	NN	pobj	I-toloc.airport_name
from	IN	prep	O
all	DT	det	O
other	JJ	amod	O
airports	NNS	pobj	O

what	WDT	det	O
types	NNS	attr	O
of	IN	prep	O
ground	NN	compound	O
transportation	NN	pobj	O
are	VBP	ROOT	O
there	RB	advmod	O
to	TO	prep	O
san	VB	compound	B-toloc.airport_name
francisco	NN	compound	I-toloc.airport_name
airport	NN	pobj	I-toloc.airport_name

let's	NNP	nsubj	O
see	VB	ROOT	O
how	WRB	advmod	O
much	RB	pobj	O
would	MD	aux	O
a	DT	det	O
direct	JJ	amod	B-connect
flight	NN	nsubj	O
from	IN	prep	O
atlanta	NN	pobj	B-fromloc.city_name
to	IN	prep	O
denver	NN	pobj	B-toloc.city_name
be	VB	ccomp	O
on	IN	prep	O
may	MD	aux	B-depart_date.month_name
seventh	VB	ROOT	B-depart_date.day_number

please	UH	intj	O
show	VB	ROOT	O
me	PRP	dative	O
any	DT	det	O
united	JJ	amod	B-airline_name
flights	NNS	dobj	O
including	VBG	prep	O
connections	NNS	pobj	B-connect
between	IN	prep	O
boston	NN	pobj	B-fromloc.city_name
and	CC	cc	O
san	NN	conj	B-toloc.city_name
francisco	NN	pobj	I-toloc.city_name
at	IN	prep	O
5	CD	pobj	B-depart_time.time
in	IN	prep	O
the	DT	det	O
evening	NN	pobj	B-depart_time.period_of_day

i	PRP	nsubj	O
would	MD	aux	O
like	VB	ROOT	O
direct	JJ	amod	B-connect
coach	NN	compound	B-class_type
flights	NNS	dobj	O
from	IN	prep	O
pittsburgh	NN	pobj	B-fromloc.city_name
to	TO	aux	O
atlanta	VB	advcl	B-toloc.city_name

what	WP	nsubj	O
are	VBP	aux	O
connecting	VBG	ROOT	B-connect
flights	NNS	dobj	O
from	IN	prep	O
chicago	NNS	pobj	B-fromloc.city_name
to	IN	prep	O
seattle	NN	pobj	B-toloc.city_name
on	IN	prep	O
june	NN	pobj	B-depart_date.month_name
first	RB	advmod	B-depart_date.day_number

show	VB	ROOT	O
me	PRP	dative	O
all	PDT	predet	O
the	DT	det	O
direct	JJ	amod	B-connect
flights	NNS	dobj	O
from	IN	prep	O
atlanta	NN	pobj	B-fromloc.city_name
to	TO	aux	O
baltimore	VB	advcl	B-toloc.city_name

flights	NNS	ROOT	O
from	IN	prep	O
newark	NN	pobj	B-fromloc.city_name
to	TO	aux	O
cleveland	VB	advcl	B-toloc.city_name
daily	RB	advmod	B-flight_days

list	VB	ROOT	O
daily	JJ	amod	B-flight_days
flights	NNS	dobj	O
from	IN	prep	O
denver	NN	pobj	B-fromloc.city_name
to	TO	aux	O
baltimore	VB	advcl	B-toloc.city_name
with	IN	prep	O
first	JJ	amod	B-class_type
class	NN	compound	I-class_type
service	NN	pobj	O

list	VB	ROOT	O
daily	JJ	amod	B-flight_days
flights	NNS	dobj	O
from	IN	prep	O
oakland	NN	pobj	B-fromloc.city_name
to	IN	prep	O
boston	NN	pobj	B-toloc.city_name
using	VBG	advcl	O
twa	NNS	dobj	B-airline_code

show	VB	ROOT	O
me	PRP	dative	O
all	DT	det	O
daily	JJ	amod	B-flight_days
flights	NNS	dobj	O
from	IN	prep	O
milwaukee	NN	pobj	B-fromloc.city_name
to	TO	aux	O
orlando	VB	xcomp	B-toloc.city_name

list	VB	ROOT	O
daily	JJ	amod	B-flight_days
flights	NNS	dobj	O
from	IN	prep	O
boston	NN	pobj	B-fromloc.city_name
to	IN	prep	O
oakland	VB	pobj	B-toloc.city_name
using	VBG	advcl	O
united	JJ	amod	B-airline_name
airlines	NNS	dobj	I-airline_name

round	JJ	amod	B-round_trip
trip	NN	compound	I-round_trip
fares	NNS	ROOT	O
from	IN	prep	O
denver	NN	pobj	B-fromloc.city_name
to	TO	aux	O
philadelphia	VB	advcl	B-toloc.city_name
under	IN	prep	B-cost_relative
1000	CD	nummod	B-fare_amount
dollars	NNS	pobj	I-fare_amount

flights	NNS	nsubj	O
from	IN	prep	O
baltimore	NN	compound	B-fromloc.city_name
denver	NN	pobj	B-fromloc.city_name
and	CC	cc	O
pittsburgh	NN	conj	B-fromloc.city_name
to	TO	aux	O
philadelphia	VB	ROOT	B-toloc.city_name
where	WRB	advmod	O
the	DT	det	O
round	JJ	amod	B-round_trip
trip	NN	nsubj	I-round_trip
fare	VBP	ccomp	O
for	IN	prep	O
each	DT	pobj	O
is	VBZ	conj	O
less	JJR	amod	B-cost_relative
than	IN	quantmod	O
1000	CD	nummod	B-fare_amount
dollars	NNS	attr	I-fare_amount

all	DT	det	O
flights	NNS	ROOT	O
from	IN	prep	O
montreal	NN	pcomp	B-fromloc.city_name
less	JJR	amod	B-cost_relative
than	IN	quantmod	O
150	CD	nummod	B-fare_amount
dollars	NNS	appos	I-fare_amount

round	JJ	amod	B-round_trip
trip	NN	compound	I-round_trip
fares	NNS	ROOT	O
from	IN	prep	O
baltimore	NN	pobj	B-fromloc.city_name
to	IN	prep	O
philadelphia	VB	pobj	B-toloc.city_name
less	JJR	amod	B-cost_relative
than	IN	quantmod	O
1000	CD	nummod	B-fare_amount
dollars	NNS	nmod	I-fare_amount
round	NN	amod	B-round_trip
trip	NN	compound	I-round_trip
fares	NNS	dobj	O
from	IN	prep	O
denver	NN	pobj	B-fromloc.city_name
to	TO	aux	O
philadelphia	VB	advcl	B-toloc.city_name
less	JJR	amod	B-cost_relative
than	IN	quantmod	O
1000	CD	nummod	B-fare_amount
dollars	NNS	nmod	I-fare_amount
round	NN	amod	B-round_trip
trip	NN	compound	I-round_trip
fares	NNS	dobj	O
from	IN	prep	O
pittsburgh	NN	pobj	B-fromloc.city_name
to	TO	aux	O
philadelphia	VB	advcl	B-toloc.city_name
less	JJR	amod	B-cost_relative
than	IN	quantmod	O
1000	CD	nummod	B-fare_amount
dollars	NNS	dobj	I-fare_amount

what	WP	attr	O
are	VBP	ROOT	O
the	DT	det	O
rental	JJ	amod	B-transport_type
car	NN	compound	I-transport_type
rates	NNS	nsubj	O
in	IN	prep	O
dallas	NNS	pobj	B-city_name

are	VBP	ROOT	O
there	EX	expl	O
any	DT	det	O
limousines	NNS	attr	B-transport_type
or	CC	cc	B-or
taxi	NN	compound	B-transport_type
services	NNS	conj	O
available	JJ	amod	O
at	IN	prep	O
the	DT	det	O
boston	NN	compound	B-airport_name
airport	NN	pobj	I-airport_name

please	UH	intj	O
show	VB	ROOT	O
me	PRP	dative	O
the	DT	det	O
flights	NNS	dobj	O
from	IN	prep	O
washington	NN	pobj	B-fromloc.city_name
dc	NNS	appos	B-fromloc.state_code
to	IN	prep	O
san	NN	compound	B-toloc.city_name
francisco	NN	compound	I-toloc.city_name
california	NN	pobj	B-toloc.state_name

looking	VBG	ROOT	O
for	IN	prep	O
a	DT	det	O
flight	NN	pobj	O
from	IN	prep	O
dc	NNS	pobj	B-fromloc.state_code
to	IN	prep	O
minnesota	VB	pobj	B-toloc.state_name

i'd	RB	neg	O
need	VB	ROOT	O
information	NN	nsubj	O
please	UH	ccomp	O
on	IN	prep	O
a	DT	det	O
flight	NN	pobj	O
from	IN	prep	O
washington	NN	pobj	B-fromloc.city_name
dc	NNP	nmod	B-fromloc.state_code
san	JJ	amod	B-fromloc.city_name
francisco	NN	compound	I-fromloc.city_name
california	NN	pobj	B-fromloc.state_name

show	VB	ROOT	O
me	PRP	dative	O
the	DT	det	O
flights	NNS	dobj	O
from	IN	prep	O
washington	NN	pobj	B-fromloc.city_name
dc	NNS	appos	B-fromloc.state_code
to	IN	prep	O
san	NN	amod	B-toloc.city_name
francisco	NN	pobj	I-toloc.city_name
with	IN	prep	O
a	DT	det	O
stopover	NN	pobj	O
in	IN	prep	O
denver	NN	pobj	B-stoploc.city_name

please	UH	intj	O
book	VB	ROOT	O
for	IN	prep	O
me	PRP	pobj	O
a	DT	det	O
flight	NN	dobj	O
on	IN	prep	O
twa	NN	pobj	B-airline_code
from	IN	prep	O
washington	NN	pobj	B-fromloc.city_name
dc	NNS	npadvmod	B-fromloc.state_code
to	IN	prep	O
san	NN	amod	B-toloc.city_name
francisco	NN	pobj	I-toloc.city_name
earliest	JJS	amod	B-flight_mod
possible	JJ	amod	I-flight_mod
time	NN	npadvmod	I-flight_mod

list	VB	ROOT	O
the	DT	det	O
flights	NNS	dobj	O
arriving	VBG	acl	O
in	IN	prep	O
boston	NN	pobj	B-toloc.city_name
from	IN	prep	O
atlanta	NN	pobj	B-fromloc.city_name
on	IN	prep	O
august	JJ	amod	B-arrive_date.month_name
fifth	NN	pobj	B-arrive_date.day_number

what	WP	attr	O
is	VBZ	ROOT	O
the	DT	det	O
earliest	JJS	amod	B-flight_mod
flight	NN	nsubj	O
leaving	VBG	acl	O
boston	NN	dobj	B-fromloc.city_name
and	CC	cc	O
arriving	VBG	conj	O
in	IN	prep	O
atlanta	NN	pobj	B-toloc.city_name
on	IN	prep	O
november	NN	pobj	B-arrive_date.month_name
seventh	JJ	ROOT	B-arrive_date.day_number

list	VB	ROOT	O
the	DT	det	O
flights	NNS	dobj	O
arriving	VBG	acl	O
in	IN	prep	O
baltimore	NN	pobj	B-toloc.city_name
from	IN	prep	O
boston	NN	pobj	B-fromloc.city_name
before	IN	prep	B-arrive_time.time_relative
10	CD	nummod	B-arrive_time.time
am	NN	pobj	I-arrive_time.time
on	IN	prep	O
august	JJ	amod	B-arrive_date.month_name
third	NN	pobj	B-arrive_date.day_number

list	VB	ROOT	O
the	DT	det	O
nonstop	JJ	amod	B-flight_stop
flights	NNS	dobj	O
on	IN	prep	O
wednesday	NNP	compound	B-arrive_date.day_name
june	NN	pobj	B-arrive_date.month_name
second	NN	advmod	B-arrive_date.day_number
from	IN	prep	O
miami	NN	pobj	B-fromloc.city_name
to	TO	aux	O
baltimore	VB	advcl	B-toloc.city_name
arriving	VBG	xcomp	O
in	IN	prep	O
baltimore	NN	pobj	B-toloc.city_name
between	IN	prep	O
1115	CD	nummod	B-arrive_time.start_time
am	NN	pobj	I-arrive_time.start_time
and	CC	cc	O
1245	CD	nummod	B-arrive_time.end_time
pm	NN	ROOT	I-arrive_time.end_time

please	UH	intj	O
list	VB	ROOT	O
all	PDT	predet	O
the	DT	det	O
flights	NNS	dobj	O
from	IN	prep	O
boston	NN	pobj	B-fromloc.city_name
to	IN	prep	O
denver	NN	pobj	B-toloc.city_name
which	WDT	nsubj	O
serve	VBP	relcl	O
meals	NNS	dobj	B-meal

i	PRP	nsubj	O
need	VBP	ROOT	O
a	DT	det	O
flight	NN	dobj	O
from	IN	prep	O
long	JJ	amod	B-fromloc.city_name
beach	NN	pobj	I-fromloc.city_name
to	TO	aux	O
st.	VB	advcl	B-toloc.city_name
louis	NN	amod	I-toloc.city_name
stopping	NN	dobj	O
in	IN	prep	O
dallas	NNS	pobj	B-stoploc.city_name
the	DT	det	O
flight	NN	nsubj	O
should	MD	aux	O
also	RB	advmod	O
serve	VB	conj	O
lunch	NN	dobj	B-meal_description

list	NN	compound	O
flights	NNS	ROOT	O
between	IN	prep	O
boston	NN	pobj	B-fromloc.city_name
and	CC	cc	O
san	NN	conj	B-toloc.city_name
francisco	NN	pobj	I-toloc.city_name
that	WDT	nsubj	O
serve	VBP	relcl	O
breakfast	NN	dobj	B-meal_description

i'm	RB	ROOT	O
looking	VBG	advcl	O
for	IN	prep	O
a	DT	det	O
flight	NN	pobj	O
from	IN	prep	O
charlotte	NN	pobj	B-fromloc.city_name
to	IN	aux	O
las	JJ	advcl	B-toloc.city_name
vegas	NN	dobj	I-toloc.city_name
that	WDT	nsubj	O
stops	VBZ	relcl	O
in	IN	prep	O
st.	NN	intj	B-stoploc.city_name
louis	NN	pobj	I-stoploc.city_name
hopefully	RB	advmod	O
a	DT	det	O
dinner	NN	compound	B-meal_description
flight	NN	dobj	O
how	WRB	advmod	O
can	MD	aux	O
i	PRP	nsubj	O
find	VB	ROOT	O
that	DT	dobj	O
out	RP	prt	O

what	WP	attr	O
is	VBZ	ROOT	O
the	DT	det	O
earliest	JJS	amod	B-flight_mod
flight	NN	nsubj	O
between	IN	prep	O
pittsburgh	NN	pobj	B-fromloc.city_name
and	CC	cc	O
denver	NN	conj	B-toloc.city_name
that	WDT	nsubj	O
serves	VBZ	relcl	O
breakfast	NN	dobj	B-meal_description

show	VB	ROOT	O
me	PRP	dative	O
the	DT	det	O
nonstop	JJ	amod	B-flight_stop
flights	NNS	dobj	O
from	IN	prep	O
atlanta	NN	pobj	B-fromloc.city_name
to	IN	prep	O
oakland	NN	pobj	B-toloc.city_name
that	WDT	nsubj	O
leave	VBP	relcl	O
in	IN	prep	O
the	DT	det	O
afternoon	NN	pobj	B-arrive_time.period_of_day
and	CC	cc	O
arrive	VB	conj	O
between	IN	prep	O
430	CD	nummod	B-arrive_time.start_time
pm	NN	pobj	I-arrive_time.start_time
and	CC	cc	O
630	CD	nummod	B-arrive_time.end_time
pm	NN	punct	I-arrive_time.end_time

i	PRP	nsubj	O
would	MD	aux	O
like	VB	ROOT	O
a	DT	det	O
list	NN	dobj	O
of	IN	prep	O
the	DT	det	O
round	JJ	amod	B-round_trip
trip	NN	compound	I-round_trip
flights	NNS	pobj	O
between	IN	prep	O
indianapolis	NNS	pobj	B-fromloc.city_name
and	CC	cc	O
orlando	NN	conj	B-toloc.city_name
on	IN	prep	O
the	DT	det	O
twenty	CD	nummod	B-depart_date.day_number
seventh	JJ	pobj	I-depart_date.day_number
or	CC	cc	B-or
the	DT	det	O
twenty	CD	amod	B-depart_date.day_number
eighth	JJ	conj	I-depart_date.day_number
of	IN	prep	O
december	NN	pobj	B-depart_date.month_name

bring	VB	ROOT	O
up	RP	prt	O
flights	NNS	dobj	O
from	IN	prep	O
milwaukee	NN	pobj	B-fromloc.city_name
to	TO	aux	O
orlando	VB	advcl	B-toloc.city_name
on	IN	prep	O
wednesday	JJ	compound	B-depart_date.day_name
night	NN	pobj	B-depart_time.period_of_day
or	CC	cc	B-or
thursday	NN	compound	B-depart_date.day_name
morning	NN	npadvmod	B-depart_time.period_of_day

show	VB	ROOT	O
me	PRP	dative	O
all	DT	det	O
flights	NNS	dobj	O
that	WDT	nsubj	O
arrive	VBP	relcl	O
in	IN	prep	O
philadelphia	NN	pobj	B-toloc.city_name
from	IN	prep	O
baltimore	NN	compound	B-fromloc.city_name
denver	NN	pobj	B-fromloc.city_name
or	CC	cc	B-or
pittsburgh	NN	conj	B-fromloc.city_name

what	WP	nsubj	O
does	VBZ	aux	O
fare	VB	ROOT	O
code	NN	dobj	O
y	DT	amod	B-fare_basis_code
mean	JJ	npadvmod	O

what	WP	dobj	O
does	VBZ	aux	O
code	VB	ROOT	O
yn	FW	dobj	B-fare_basis_code
mean	JJ	prep	O

what	WP	nsubj	O
is	VBZ	ROOT	O
fare	NN	compound	O
code	NN	nsubj	O
h	NN	punct	B-fare_basis_code

what	WP	nsubj	O
is	VBZ	ROOT	O
fare	JJ	compound	O
code	NN	nsubj	O
m	VBP	punct	B-fare_basis_code

how	WRB	advmod	O
many	JJ	amod	O
flights	NNS	nsubj	O
does	VBZ	aux	O
delta	NN	nsubj	B-airline_name
have	VB	ROOT	O
with	IN	prep	O
a	DT	det	O
class	NN	pobj	O
of	IN	prep	O
service	NN	compound	O
code	NN	pobj	O
f	XX	punct	B-fare_basis_code

show	VB	ROOT	O
me	PRP	dative	O
all	DT	det	O
flights	NNS	dobj	O
between	IN	prep	O
san	NN	compound	B-fromloc.city_name
francisco	NN	pobj	I-fromloc.city_name
and	CC	cc	O
philadelphia	VB	conj	B-toloc.city_name
on	IN	prep	O
september	NN	compound	B-depart_date.month_name
fifteenth	NN	pobj	B-depart_date.day_number
with	IN	prep	O
departure	NN	compound	B-flight_time
time	NN	pobj	I-flight_time
after	IN	prep	B-depart_time.time_relative
12	CD	nummod	B-depart_time.time
pm	NN	pobj	I-depart_time.time

all	DT	advmod	O
right	RB	advmod	O
give	VB	ROOT	O
me	PRP	dative	O
the	DT	det	O
flight	NN	compound	B-flight_time
times	NNS	dobj	I-flight_time
in	IN	prep	O
the	DT	det	O
morning	NN	pobj	B-depart_time.period_of_day
on	IN	prep	O
september	NN	compound	B-depart_date.month_name
twentieth	NN	pobj	B-depart_date.day_number
from	IN	prep	O
pittsburgh	NN	pobj	B-fromloc.city_name
to	IN	aux	O
san	NN	advcl	B-toloc.city_name
francisco	NN	dobj	I-toloc.city_name

please	UH	intj	O
give	VB	ROOT	O
me	PRP	dative	O
flight	NN	compound	B-flight_time
schedules	NNS	dobj	I-flight_time
from	IN	prep	O
baltimore	NN	pobj	B-fromloc.city_name
to	IN	prep	O
philadelphia	NN	pobj	B-toloc.city_name

what	WP	attr	O
is	VBZ	ROOT	O
the	DT	det	O
schedule	NN	nsubj	B-flight_time
of	IN	prep	O
flights	NNS	pobj	O
from	IN	prep	O
boston	NN	pobj	B-fromloc.city_name
to	IN	prep	O
denver	NN	pobj	B-toloc.city_name
next	JJ	amod	B-depart_date.date_relative
monday	NN	npadvmod	B-depart_date.day_name

show	VB	ROOT	O
me	PRP	dative	O
the	DT	det	O
schedule	NN	dobj	B-flight_time
for	IN	prep	O
airlines	NNS	pobj	O
leaving	VBG	acl	O
pittsburgh	NN	dobj	B-fromloc.city_name
going	VBG	ccomp	O
to	TO	aux	O
san	VB	xcomp	B-toloc.city_name
francisco	NN	dobj	I-toloc.city_name
for	IN	prep	O
next	JJ	amod	B-depart_date.date_relative
monday	NN	pobj	B-depart_date.day_name

what's	:	ROOT	O
the	DT	det	O
fare	NN	ROOT	O
for	IN	prep	O
delta	NN	compound	B-airline_name
flight	NN	pobj	O
217	CD	nummod	B-flight_number
from	IN	prep	O
dallas	NNS	pobj	B-fromloc.city_name
to	IN	prep	O
san	NN	compound	B-toloc.city_name
francisco	NN	pobj	I-toloc.city_name

is	VBZ	auxpass	O
breakfast	NN	nsubj	B-meal_description
served	VBD	ROOT	O
on	IN	prep	O
flight	NN	compound	O
ua	IN	pobj	B-airline_code
343	CD	nummod	B-flight_number
from	IN	prep	O
boston	NN	pobj	B-fromloc.city_name
to	TO	aux	O
denver	NN	advcl	B-toloc.city_name
coach	NN	compound	B-class_type
class	NN	dobj	I-class_type

us	PRP	ROOT	B-airline_code
3724	CD	nummod	B-flight_number
baltimore	NN	appos	B-fromloc.city_name
to	IN	prep	O
philadelphia	VB	pobj	B-toloc.city_name
what	WP	attr	O
is	VBZ	relcl	O
the	DT	det	O
round	JJ	amod	B-round_trip
trip	NN	nsubj	I-round_trip
fare	VB	ROOT	O

us	PRP	ROOT	B-airline_code
201	CD	nummod	B-flight_number

show	VB	ROOT	O
me	PRP	dative	O
the	DT	det	O
flights	NNS	dobj	O
from	IN	prep	O
love	NN	compound	B-fromloc.airport_name
field	NN	pobj	I-fromloc.airport_name
to	IN	prep	O
any	DT	det	O
other	JJ	amod	O
airport	NN	pobj	O

what	WP	attr	O
is	VBZ	ROOT	O
the	DT	det	O
schedule	NN	nsubj	B-flight_time
of	IN	prep	O
ground	NN	compound	O
transportation	NN	pobj	O
from	IN	prep	O
washington	NN	compound	B-fromloc.airport_name
airport	NN	pobj	I-fromloc.airport_name
into	IN	prep	O
downtown	NN	pobj	O

list	VB	ROOT	O
all	PDT	predet	O
the	DT	det	O
arriving	VBG	amod	B-flight_mod
flights	NNS	dobj	O
at	IN	prep	O
general	JJ	amod	B-fromloc.airport_name
mitchell	NN	pobj	I-fromloc.airport_name
international	JJ	advmod	I-fromloc.airport_name

show	VB	ROOT	O
me	PRP	dative	O
the	DT	det	O
flights	NNS	dobj	O
from	IN	prep	O
dulles	NNS	pobj	B-fromloc.airport_name
to	IN	prep	O
san	VB	amod	B-toloc.city_name
francisco	NN	pobj	I-toloc.city_name
leaving	VBG	acl	O
after	IN	prep	B-depart_time.time_relative
6	CD	nummod	B-depart_time.time
pm	NN	pobj	I-depart_time.time

list	VB	ROOT	O
nonstop	JJ	amod	B-flight_stop
flights	NNS	dobj	O
from	IN	prep	O
baltimore	NN	compound	B-fromloc.city_name
washington	NN	compound	B-fromloc.airport_name
airport	NN	pobj	I-fromloc.airport_name
to	TO	aux	O
oakland	VB	advcl	B-toloc.city_name
that	DT	det	O
depart	NN	dobj	O
in	IN	prep	O
the	DT	det	O
afternoon	NN	pobj	B-arrive_time.period_of_day

what	WDT	det	O
flights	NNS	attr	O
are	VBP	ROOT	O
there	RB	advmod	O
tomorrow	NN	npadvmod	B-depart_date.today_relative
from	IN	prep	O
tacoma	NN	pobj	B-fromloc.city_name
to	TO	aux	O
san	VB	advcl	B-toloc.city_name
jose	NN	dobj	I-toloc.city_name

how	WRB	advmod	O
many	JJ	amod	O
first	JJ	amod	B-class_type
class	NN	compound	I-class_type
flights	NNS	nsubj	O
does	VBZ	aux	O
united	VBN	ROOT	B-airline_name
have	VB	aux	O
leaving	VBG	advcl	O
from	IN	prep	O
all	DT	det	O
airports	NNS	pobj	O
today	NN	npadvmod	B-depart_date.today_relative

give	VB	ROOT	O
me	PRP	dative	O
the	DT	det	O
earliest	JJS	amod	B-flight_mod
flight	NN	dobj	O
tomorrow	NN	npadvmod	B-depart_date.today_relative
from	IN	prep	O
st.	NN	pobj	B-fromloc.city_name
petersburg	JJ	acomp	I-fromloc.city_name
to	IN	prep	O
milwaukee	VB	pobj	B-toloc.city_name
on	IN	prep	O
a	DT	det	O
airline	NN	pobj	O
other	JJ	amod	B-mod
than	IN	prep	O
twa	NNS	pobj	B-airline_code

are	VBP	ROOT	O
there	EX	expl	O
any	DT	det	O
later	JJ	amod	B-depart_time.time_relative
flights	NNS	attr	O
than	IN	prep	O
810	CD	nummod	B-depart_time.time
pm	NN	pobj	I-depart_time.time
leaving	VBG	acl	O
from	IN	prep	O
milwaukee	NNP	pobj	B-fromloc.city_name
for	IN	prep	O
tacoma	NN	pobj	B-toloc.city_name
tomorrow	NN	compound	B-depart_date.today_relative
evening	NN	npadvmod	B-depart_time.period_of_day

give	VB	ROOT	O
me	PRP	dative	O
the	DT	det	O
latest	JJS	amod	B-flight_mod
flight	NN	dobj	O
tomorrow	NN	npadvmod	B-depart_date.today_relative
on	IN	prep	O
united	JJ	amod	B-airline_name
airlines	NNS	pobj	I-airline_name
from	IN	prep	O
milwaukee	NNP	pobj	B-fromloc.city_name
to	TO	aux	O
tacoma	VB	advcl	B-toloc.city_name

i	PRP	nsubj	O
need	VBP	ROOT	O
the	DT	det	O
flights	NNS	dobj	O
that	WDT	nsubj	O
leave	VBP	relcl	O
denver	NN	dobj	B-fromloc.city_name
after	IN	prep	B-depart_time.time_relative
7	CD	nummod	B-depart_time.time
pm	NN	pobj	I-depart_time.time
next	JJ	amod	B-depart_date.date_relative
monday	NN	npadvmod	B-depart_date.day_name
and	CC	cc	O
fly	VB	conj	O
to	IN	prep	O
pittsburgh	NN	pobj	B-toloc.city_name

all	DT	det	O
flights	NNS	ROOT	O
from	IN	prep	O
boston	NN	pobj	B-fromloc.city_name
to	TO	aux	O
washington	VB	advcl	B-toloc.city_name
dc	NNP	dobj	B-toloc.state_code
on	IN	prep	O
november	NN	compound	B-depart_date.month_name
eleventh	NN	pobj	B-depart_date.day_number

does	VBZ	aux	O
united	VBN	advcl	B-airline_name
have	VB	ROOT	O
a	DT	det	O
flight	NN	dobj	O
from	IN	prep	O
miami	NN	pobj	B-fromloc.city_name
to	TO	aux	O
washington	VB	advcl	B-toloc.city_name
dc	NNP	dobj	B-toloc.state_code
on	IN	prep	O
wednesday	NN	npadvmod	B-depart_date.day_name

i	PRP	nsubj	O
want	VBP	ROOT	O
information	NN	dobj	O
on	IN	prep	O
flights	NNS	pobj	O
from	IN	prep	O
atlanta	NN	pobj	B-fromloc.city_name
to	IN	prep	O
washington	NNP	pobj	B-toloc.city_name
dc	NNP	punct	B-toloc.state_code
i	PRP	nsubj	O
want	VBP	ROOT	O
to	TO	aux	O
leave	VB	xcomp	O
wednesday	NN	npadvmod	B-depart_date.day_name
after	IN	prep	B-depart_time.time_relative
4	CD	nummod	B-depart_time.time
pm	NN	pobj	I-depart_time.time
or	CC	cc	B-or
thursday	NN	conj	B-depart_date.day_name
before	IN	prep	B-depart_time.time_relative
9	CD	pobj	B-depart_time.time
am	NN	ROOT	I-depart_time.time

show	VBP	ROOT	O
me	PRP	dative	O
flights	NNS	dobj	O
from	IN	prep	O
atlanta	NN	pobj	B-fromloc.city_name
to	IN	prep	O
washington	NN	pobj	B-toloc.city_name
dc	NNP	npadvmod	B-toloc.state_code
on	IN	prep	O
wednesday	JJ	amod	B-depart_date.day_name
evening	NN	npadvmod	B-depart_time.period_of_day

